Name,Roll No,Branch,Gender,CGPA,10th_percentage,12th_percentage,Project Level,Internships,Certifications,Backlogs,Placed
William Johnson,3913839,CSAIML,Male,4.42,95.6,54.02,Advanced,Yes,No,0,0
John Martinez,5382514,CSDS,Male,4.13,72.06,51.38,Beginner,No,No,0,0
Ashley Smith,6830292,CSDS,Female,6.43,54.9,68.79,Moderate,No,Yes,2,0
Ann Wilson,2963711,CSDS,Female,5.24,72.51,61.97,Moderate,No,Yes,0,0
Rebecca Peterson,2075489,IT,Female,7.15,69.53,55.8,Advanced,Yes,No,0,1
Janet Brown,5921424,CSAIML,Female,3.82,88.99,80.91,Advanced,No,No,4,0
Joseph Anthony,4334223,IT,Male,3.44,84.79,94.55,Beginner,Yes,Yes,1,0
Monica Lara,6110605,IT,Female,3.64,50.63,50.61,Moderate,Yes,Yes,0,0
Kyle Johnson,9482091,IT,Male,8.15,71.6,50.15,Beginner,No,No,2,0
Thomas Anderson,9218732,EEE,Male,3.57,84.77,51.82,Advanced,No,No,1,0
Frederick Bryant,3606614,ME,Male,8.13,88.42,92.97,Advanced,Yes,Yes,2,1
Joseph Perry MD,3166367,CSDS,Male,9.17,91.28,85.43,Moderate,Yes,Yes,3,1
Lori Williams,5825425,CSE,Female,5.42,91.53,70.35,Advanced,Yes,Yes,5,0
Kevin Carney,8607057,CSAI,Male,8.27,84.44,79.01,Advanced,Yes,Yes,5,0
Rebecca Hill,6772304,ME,Female,5.0,61.85,56.37,Beginner,No,No,5,0
Michael Miller,8773902,IT,Male,3.23,79.94,77.44,Moderate,Yes,No,2,0
Terri Johnson,9541864,ME,Female,3.65,86.85,88.96,Advanced,Yes,No,2,0
Robert Malone,6059845,CSAI,Male,4.51,89.08,67.91,Moderate,Yes,Yes,0,0
Kelly Smith,5588024,EEE,Male,8.21,71.82,83.49,Moderate,No,Yes,0,1
Mia Owen,1717905,CSAIML,Female,6.18,93.57,56.97,Advanced,Yes,No,4,0
Raymond Thompson,3299060,CSAIML,Male,3.52,90.86,51.94,Moderate,Yes,No,1,0
Michael Williams,7544240,AIDS,Male,4.0,74.4,73.49,Moderate,No,Yes,1,0
Alicia Warner,6486712,ME,Female,7.15,91.69,60.84,Moderate,No,Yes,2,1
Rebecca Vega,8287011,CSE,Female,8.83,85.06,84.26,Advanced,Yes,Yes,2,1
Michael Bryan,8198299,EEE,Male,4.39,72.82,54.03,Moderate,No,Yes,0,0
Marilyn Banks,3173608,EEE,Female,5.19,96.24,66.84,Advanced,Yes,Yes,4,0
Joshua Strickland,5574999,ME,Male,4.38,64.5,81.78,Advanced,Yes,Yes,5,0
Robin Hanson,7875241,EEE,Female,6.76,54.67,91.64,Advanced,Yes,Yes,4,0
Travis Anderson,5887452,CSE,Male,3.51,51.74,82.7,Moderate,No,Yes,3,0
Melissa Lewis,4903857,CSAIML,Female,4.48,79.33,88.19,Advanced,No,No,2,0
Savannah Lester,3209088,AIDS,Female,3.9,51.62,81.71,Moderate,No,Yes,2,0
Kenneth Cuevas,8806493,CSAIML,Male,8.35,89.96,89.29,Advanced,No,No,3,1
Hannah Valenzuela,1698681,EEE,Female,3.05,98.88,70.41,Moderate,No,No,0,0
Robert Davis,7100040,CSAIML,Male,3.55,65.69,83.56,Advanced,No,Yes,2,0
Michelle Byrd,8019320,ME,Female,9.94,97.57,87.07,Moderate,No,No,2,1
Kendra Daniels,4586147,AIDS,Female,3.84,66.97,63.04,Beginner,No,Yes,5,0
Sarah Jones,1554465,ME,Female,5.4,82.65,76.07,Advanced,Yes,No,3,0
Steven Sanchez,9842307,EEE,Male,8.38,74.82,96.34,Moderate,No,Yes,4,1
Joseph Williams,2761644,CSE,Male,8.45,62.21,99.1,Moderate,No,Yes,3,1
Jodi Lewis,3642138,ME,Female,7.86,83.26,56.63,Advanced,No,Yes,0,1
Shirley Baxter,6239239,CSE,Female,6.93,67.29,73.99,Moderate,No,Yes,4,0
Christopher Perry,7569351,EEE,Male,6.48,62.55,97.91,Beginner,No,No,4,0
Troy Carter Jr.,7701928,AIDS,Male,3.46,50.7,71.06,Advanced,No,No,2,0
Charles Schmitt,6356501,ME,Male,4.69,67.41,76.02,Beginner,Yes,No,0,0
Mary Adams,2290288,AIDS,Female,6.65,63.06,73.79,Beginner,Yes,No,1,0
Allison Colon,7550715,ME,Female,7.92,51.81,62.92,Beginner,No,No,2,1
Virginia Savage,1409206,AIDS,Female,6.55,78.15,58.54,Beginner,No,No,1,0
Kenneth Clayton,4549693,ME,Male,6.31,66.8,79.67,Moderate,No,Yes,1,0
Benjamin Mahoney,7381905,CSE,Male,6.4,95.83,86.15,Advanced,Yes,No,5,0
Todd Davis,7675153,EEE,Male,4.6,65.71,90.67,Advanced,Yes,No,0,0
Richard Nichols,5206397,CSAIML,Male,5.38,75.9,69.5,Beginner,Yes,Yes,3,0
Allen Lin,3595402,IT,Male,7.99,54.75,78.54,Moderate,No,Yes,2,0
Melanie Ward,2453540,CSE,Female,7.43,69.26,70.81,Advanced,No,Yes,5,0
David Thomas,8760134,ECE,Male,9.02,84.93,98.35,Beginner,Yes,No,5,0
John Smith,5748374,CSE,Male,8.58,52.9,88.77,Beginner,No,No,2,0
Shawn Thompson,2275598,IT,Male,3.37,79.68,91.67,Moderate,No,No,3,0
Michael Hall,9605221,AIDS,Male,3.09,70.53,83.79,Advanced,Yes,Yes,0,0
Michael Hill,2014461,CSDS,Male,4.53,58.77,86.69,Beginner,No,Yes,2,0
Kristen Pitts,9945829,CSAIML,Female,3.34,84.63,95.15,Moderate,No,Yes,3,0
Patrick Warren,7713870,CSAI,Male,9.6,64.95,76.0,Advanced,No,No,3,1
Julie Moore,8291771,CSAIML,Female,6.57,84.01,85.32,Moderate,No,No,2,0
Kristina Abbott,5252991,IT,Female,5.68,67.96,88.02,Moderate,Yes,Yes,0,0
Cheryl Thompson,6684193,CSAIML,Female,4.0,80.28,76.96,Advanced,Yes,No,3,0
James Wagner,3780959,CSE,Male,5.91,74.14,83.34,Beginner,Yes,No,2,0
Jasmine Dennis,8193604,CSDS,Female,7.42,51.8,67.47,Advanced,Yes,No,3,1
Corey Brown,8519880,EEE,Male,3.38,97.93,78.44,Beginner,Yes,Yes,5,0
Katherine Christensen,7581670,CSDS,Female,9.5,86.34,93.41,Beginner,No,Yes,4,1
Peter Wolfe,2995511,CSE,Male,7.39,66.89,85.22,Advanced,No,No,4,0
Nicholas Carr,8994249,CSAIML,Male,3.4,66.44,54.09,Moderate,No,Yes,0,0
Jamie Gay,9053139,CSDS,Female,5.54,53.75,62.02,Moderate,Yes,Yes,5,0
Hannah Turner,9852134,CSDS,Female,7.72,80.79,68.53,Moderate,Yes,Yes,5,0
Claudia Nelson,9547780,CSE,Female,8.64,84.52,57.45,Beginner,No,Yes,2,0
Alexander Clark,1793448,IT,Male,5.39,59.54,61.81,Beginner,No,No,0,0
Danielle Delacruz,1729207,CSAIML,Female,4.86,73.27,55.26,Moderate,No,No,4,0
Tracy Coleman,7510870,AIDS,Female,4.74,72.26,51.29,Moderate,Yes,Yes,5,0
Crystal Moss,6186485,ECE,Female,7.78,52.24,58.04,Advanced,Yes,No,5,0
Nicole Rush,4158852,CSAIML,Female,7.64,81.84,74.11,Beginner,Yes,Yes,1,1
Laura Burnett,9060940,AIDS,Female,5.28,66.76,76.18,Beginner,Yes,No,4,0
Gregory Parker,4313581,CSAIML,Male,7.92,75.63,56.25,Advanced,Yes,Yes,2,1
John Smith,1030022,IT,Male,5.47,71.15,74.19,Advanced,No,Yes,1,0
Rachael Arellano,7447920,CSAI,Female,7.81,71.61,81.4,Moderate,Yes,No,1,1
Brett Munoz,2932108,CSAI,Male,6.22,90.73,78.73,Moderate,Yes,No,5,0
Margaret Rogers DDS,9440399,AIDS,Female,9.39,87.69,85.54,Moderate,Yes,No,0,1
Evelyn Garcia,3490417,IT,Female,8.34,51.79,72.94,Beginner,Yes,No,0,1
Amy Grimes,7379776,ME,Female,8.76,71.35,72.1,Moderate,No,Yes,4,1
Dylan Cobb,5616448,IT,Male,3.89,97.51,82.59,Moderate,Yes,Yes,0,0
Melissa Jones,2497140,ME,Female,5.47,62.48,74.94,Moderate,No,Yes,0,0
David Griffith,8573679,CSAI,Male,8.04,86.33,81.49,Moderate,Yes,Yes,4,1
Natalie Carter,6302501,CSDS,Female,9.07,63.88,90.8,Advanced,No,Yes,0,1
Veronica Charles,2172485,ME,Female,5.57,52.87,96.26,Moderate,No,Yes,0,0
Albert Roberts,4766563,EEE,Male,5.22,93.23,96.97,Advanced,No,No,5,0
Dale Taylor,2237131,CSE,Male,7.54,92.73,90.09,Advanced,No,No,1,0
Daniel Parrish,4029435,ME,Male,8.03,70.39,75.82,Beginner,Yes,Yes,2,1
Stacey Bradley,9411779,CSAI,Female,6.7,75.63,54.6,Beginner,No,No,0,0
Jeffery Nguyen,8017710,CSDS,Male,5.63,56.12,64.27,Advanced,Yes,No,0,0
Gregory Ramirez,7658435,CSAI,Male,7.0,95.86,98.67,Advanced,No,No,2,0
Maria Guerrero,8987058,CSAI,Female,4.95,62.85,85.76,Beginner,No,Yes,5,0
Nicholas Diaz,6243902,CSDS,Male,9.9,59.25,89.58,Advanced,No,No,0,1
Brianna Fry,2179745,ECE,Female,6.21,77.25,88.41,Moderate,Yes,Yes,5,0
Teresa Collins,9715315,CSDS,Female,5.86,82.7,67.52,Moderate,Yes,Yes,2,0
Maria Martinez,6410437,AIDS,Female,5.98,96.83,58.62,Advanced,No,No,2,0
April Mendez,6196287,CSAIML,Female,9.99,79.07,77.97,Advanced,No,No,0,1
Ashley Hudson,4508797,EEE,Female,9.96,72.71,56.29,Moderate,No,Yes,3,1
Cindy Davis,5777975,CSAI,Female,8.12,84.31,76.93,Beginner,No,No,4,0
Shirley Schultz MD,3623182,EEE,Female,5.45,87.83,50.48,Advanced,Yes,No,0,0
Brenda Parsons,9465051,CSE,Female,3.1,85.95,57.81,Advanced,No,No,4,0
Sandra Davis,4718324,ME,Female,3.67,89.47,78.02,Moderate,No,Yes,0,0
Alexis Hawkins,7307171,AIDS,Female,7.5,84.22,73.71,Moderate,Yes,No,1,1
Denise Cunningham,5823622,CSE,Female,6.47,62.27,95.35,Advanced,Yes,Yes,1,0
Cheryl Henderson,2695241,ECE,Female,4.45,97.13,90.83,Advanced,Yes,Yes,4,0
Brian Campos,4161225,CSE,Male,9.53,72.84,59.3,Advanced,No,Yes,1,1
Tamara Mills,4328906,ME,Female,5.47,61.88,81.8,Beginner,Yes,Yes,2,0
Maria Navarro,3445283,CSAIML,Female,3.99,63.97,96.48,Advanced,No,Yes,3,0
Erika Smith,8692589,ME,Female,8.86,71.47,87.87,Beginner,Yes,Yes,2,1
Harry Brown,6639103,CSAIML,Male,3.57,62.84,65.53,Beginner,Yes,Yes,2,0
Christopher Wood,8450527,EEE,Male,5.32,72.13,85.25,Beginner,Yes,No,2,0
Michael Decker,5661365,IT,Male,8.3,88.87,76.64,Beginner,No,No,2,0
Teresa Lee,4527759,AIDS,Female,6.3,76.98,56.89,Advanced,Yes,Yes,5,0
Jennifer Jacobson,3168528,EEE,Female,9.48,60.16,61.4,Advanced,Yes,No,3,1
Caleb Martin,7307451,ME,Male,3.88,51.44,91.55,Moderate,No,Yes,5,0
Jessica Hall,3773087,CSE,Female,4.61,88.2,78.31,Advanced,Yes,No,1,0
April Vargas,7146247,CSDS,Female,5.33,86.09,63.28,Moderate,Yes,No,5,0
Karen Wu,8630046,ECE,Female,9.97,86.7,76.11,Moderate,No,Yes,2,1
Latasha Fisher,3954564,AIDS,Female,8.79,81.41,55.28,Beginner,Yes,Yes,1,1
Michael Vasquez,3090989,ECE,Male,9.4,89.14,54.55,Advanced,No,Yes,5,0
Christine Howard,4765106,CSDS,Female,5.85,95.95,73.77,Beginner,No,No,1,0
Kathleen Harris,9967590,EEE,Female,8.69,54.95,78.2,Moderate,Yes,No,4,1
Janet Barry,2051620,CSAI,Female,9.94,53.86,87.83,Advanced,Yes,No,3,1
Diane Wheeler,1384432,CSAIML,Female,5.92,57.78,87.29,Moderate,Yes,No,1,0
Connie Young,3030184,CSAIML,Female,7.52,86.21,74.66,Beginner,No,No,4,0
Virginia Bruce,1546951,CSDS,Female,7.37,86.69,57.88,Advanced,No,Yes,4,1
Kathryn Payne,8086723,AIDS,Female,6.22,65.18,55.7,Moderate,Yes,Yes,0,0
Nicole Cabrera,4143755,IT,Female,3.05,97.92,78.25,Moderate,No,No,0,0
Douglas King,9296856,AIDS,Male,9.08,79.49,56.24,Beginner,Yes,No,4,1
Grace Singh,4102900,CSE,Female,5.15,94.99,66.8,Moderate,No,Yes,2,0
Sylvia Rodriguez,2598470,CSAIML,Female,8.28,84.68,93.75,Advanced,No,No,3,1
Douglas Johnson,3876625,CSDS,Male,3.89,82.83,67.6,Beginner,Yes,No,4,0
Maria Cardenas,6529538,AIDS,Female,6.5,79.35,91.16,Advanced,No,Yes,0,0
Robert Weaver,5404327,IT,Male,9.29,68.5,63.49,Beginner,No,Yes,5,0
Dustin Lewis,7053962,EEE,Male,4.68,81.22,88.6,Moderate,No,No,5,0
Katherine Montes,5310240,IT,Female,7.92,68.65,68.64,Moderate,Yes,Yes,1,1
Kerry Ortega,9744480,CSDS,Female,5.56,81.46,90.23,Advanced,No,Yes,0,0
Becky Knapp,1944161,EEE,Female,8.41,87.99,73.89,Advanced,Yes,No,1,1
James Mueller,3791745,ECE,Male,9.29,99.7,62.78,Moderate,No,Yes,1,1
Yolanda Walker,1804512,CSAIML,Female,8.09,78.03,87.47,Moderate,No,Yes,0,1
Gabrielle Carlson,5405122,EEE,Female,9.87,56.64,89.73,Beginner,No,Yes,2,1
Leah Thompson,3126286,ME,Female,3.87,63.18,52.57,Moderate,No,No,3,0
Terrence Brown,4525554,CSDS,Male,7.78,72.71,92.39,Beginner,Yes,Yes,1,1
James White,1769714,EEE,Male,7.19,64.3,90.52,Beginner,Yes,Yes,4,1
Catherine Kramer,4250696,CSDS,Female,3.73,92.41,94.62,Moderate,No,No,3,0
Kimberly Martinez,1378003,CSAI,Female,5.96,50.83,98.87,Beginner,No,No,1,0
Earl Owen,1831117,IT,Male,7.09,76.67,79.07,Advanced,No,Yes,1,0
Kristin Williams,3506476,EEE,Female,8.65,99.77,80.75,Beginner,No,No,5,0
Jeanette Bryant,1770769,EEE,Female,7.16,99.77,85.28,Beginner,Yes,Yes,3,1
William Stephens,8040324,ECE,Male,3.92,68.75,78.29,Beginner,No,No,3,0
Patricia Meyer,9189307,IT,Female,3.86,60.19,82.28,Advanced,Yes,Yes,1,0
Christopher Wiggins,9571774,IT,Male,7.3,89.45,80.4,Moderate,Yes,No,3,1
Julie Kennedy,1686541,CSDS,Female,9.53,70.82,62.77,Beginner,Yes,Yes,3,1
Benjamin Carr,5075906,ECE,Male,3.15,58.99,86.41,Moderate,Yes,No,0,0
Amy Moore,6379547,EEE,Female,8.5,89.96,88.96,Moderate,No,Yes,1,1
Samantha Olson,8083353,EEE,Female,4.55,61.95,56.3,Beginner,No,No,2,0
Cynthia Morris,7493012,CSAI,Female,7.43,96.97,72.79,Beginner,No,Yes,5,0
Edward Morgan,6893933,CSAIML,Male,3.03,84.22,69.28,Moderate,No,Yes,4,0
Alex Barrera,4850476,CSAI,Male,9.5,64.86,60.67,Beginner,Yes,No,0,1
Sheri Nguyen,6729166,IT,Female,8.83,69.94,96.72,Moderate,Yes,Yes,2,1
Evan Johnson,1071980,CSAIML,Male,4.85,91.29,58.95,Beginner,No,Yes,4,0
Kelsey Richards,7698519,CSE,Female,9.8,60.68,99.93,Advanced,No,Yes,0,1
Melissa Wu,3484646,AIDS,Female,5.03,85.46,64.01,Advanced,No,Yes,5,0
Wendy Green,5609627,CSAIML,Female,4.14,94.58,62.25,Beginner,No,Yes,2,0
Lauren Myers,7194807,CSAI,Female,6.92,63.5,65.12,Advanced,Yes,Yes,0,0
Jeffrey Walker,9470151,ECE,Male,9.43,82.78,56.99,Beginner,Yes,Yes,5,0
Harry Garcia,3253953,EEE,Male,9.73,85.24,56.49,Beginner,Yes,Yes,0,1
Pamela Berry PhD,5291244,ME,Female,9.43,75.36,87.35,Beginner,Yes,No,2,1
Kevin Mcdaniel,6708793,CSDS,Male,7.32,66.41,73.14,Beginner,Yes,No,1,1
Richard House,9558573,CSE,Male,3.08,97.21,60.09,Advanced,Yes,No,4,0
Carolyn Harris,4839875,CSDS,Female,8.46,81.51,76.7,Advanced,Yes,No,1,1
Linda Ritter,6347819,CSAI,Female,7.24,63.35,77.11,Beginner,Yes,Yes,5,0
Robert Wilson,8042051,EEE,Male,5.76,82.64,80.03,Beginner,No,Yes,2,0
Raymond Williams,4678707,AIDS,Male,5.21,53.81,87.59,Moderate,No,No,3,0
Maureen Hernandez,2744363,ECE,Female,6.08,57.38,59.42,Moderate,Yes,No,3,0
Tiffany Lee,6062327,CSE,Female,4.31,79.25,78.98,Advanced,Yes,No,1,0
Kendra Patton,7972034,CSDS,Female,9.44,93.47,68.04,Beginner,No,No,5,0
Elizabeth Fleming,3148563,ME,Female,8.13,86.17,65.42,Moderate,Yes,No,0,1
Sarah Harrington,7739478,CSAIML,Female,5.19,61.97,76.43,Moderate,No,No,1,0
Robert Gould,2709213,CSDS,Male,3.16,81.45,68.03,Moderate,Yes,No,4,0
Thomas Rice,5327807,CSDS,Male,9.09,51.38,66.72,Beginner,No,Yes,0,1
Todd Riggs,5942159,CSE,Male,8.91,69.36,80.87,Beginner,No,No,1,0
Lori Porter,7853747,CSAIML,Female,9.28,69.67,61.3,Beginner,Yes,No,0,1
Jacob Hutchinson,9600914,CSAI,Male,7.68,71.12,85.82,Advanced,No,Yes,4,0
Amber Warren,3581321,ECE,Female,7.15,91.86,99.31,Beginner,No,No,5,0
Julie Anderson,7680825,EEE,Female,6.13,50.25,50.16,Moderate,Yes,Yes,4,0
Melissa Bailey,2356413,ECE,Female,8.08,94.14,68.55,Advanced,Yes,No,2,1
Margaret Williams,7597890,ECE,Female,4.74,99.95,70.28,Moderate,No,No,0,0
Jessica Hunt,8034870,CSE,Female,4.29,69.99,77.22,Advanced,No,Yes,5,0
Anna Williams,9877529,CSAI,Female,4.97,57.97,55.95,Beginner,Yes,Yes,2,0
Amanda Johnson,3269835,CSAIML,Female,3.03,89.59,87.24,Moderate,Yes,Yes,1,0
Ann Molina MD,6489434,AIDS,Female,5.1,91.94,62.42,Advanced,Yes,No,0,0
Christopher Walker,6861141,ECE,Male,9.6,95.55,95.75,Moderate,No,No,1,1
Jason Keller,3547858,CSDS,Male,3.95,68.25,71.09,Advanced,No,No,1,0
Alyssa Mckenzie,8619331,ECE,Female,3.39,64.22,54.13,Beginner,Yes,Yes,5,0
Jessica Kim,5257581,AIDS,Female,3.12,85.09,77.99,Moderate,No,No,5,0
Brittany Hawkins,8981132,ME,Female,4.47,83.98,53.5,Moderate,Yes,Yes,3,0
Kayla Bailey,1914617,CSAIML,Female,5.22,90.54,82.82,Advanced,Yes,Yes,2,0
Emily Hardin,4469597,CSE,Female,5.19,83.81,89.46,Beginner,No,Yes,1,0
Laura Barker,7639947,CSE,Female,8.46,59.08,62.63,Beginner,No,No,0,0
Kristen Vargas,2246951,CSAIML,Female,7.77,50.88,90.12,Advanced,Yes,Yes,1,1
Ricardo Rogers,3127998,ME,Male,3.31,60.35,75.78,Advanced,Yes,No,2,0
Victor Young,6820351,ECE,Male,5.47,86.83,89.91,Beginner,Yes,Yes,5,0
Joseph Conner,9197126,EEE,Male,9.87,60.77,50.11,Beginner,Yes,Yes,4,1
Michael Martin,8668934,IT,Male,8.5,94.47,76.56,Moderate,No,No,5,0
Mrs. Cynthia Howard MD,2397894,CSE,Female,3.55,82.31,66.75,Beginner,No,No,2,0
Madeline Williams,7778722,AIDS,Female,5.48,98.05,73.52,Moderate,No,Yes,5,0
Caitlin Mercer,7238733,AIDS,Female,6.26,59.76,73.99,Moderate,Yes,Yes,3,0
Justin Lester,2089324,AIDS,Male,6.71,68.26,86.31,Beginner,Yes,No,5,0
Nicole Holland,2766497,CSE,Female,7.79,53.43,81.81,Moderate,No,No,0,1
Brandon Blanchard,9276883,EEE,Male,8.3,57.83,75.94,Moderate,No,Yes,4,1
John Hamilton,1297834,ME,Male,9.75,61.39,74.54,Advanced,No,No,3,1
Lawrence Thompson,1304853,ECE,Male,6.86,92.82,66.53,Beginner,No,Yes,2,0
Sheila Cook,1439315,ME,Female,7.24,88.81,56.62,Moderate,No,Yes,1,1
Abigail Rodriguez,8006169,AIDS,Female,7.07,93.08,65.39,Advanced,No,No,4,1
Donna Ross,9738265,CSE,Female,9.02,75.52,82.0,Advanced,No,No,2,1
Nicholas Stark,4290638,CSDS,Male,9.9,91.15,57.28,Beginner,Yes,Yes,1,1
Ann Vargas,2113223,CSDS,Female,7.34,98.02,81.62,Beginner,No,No,1,0
Kathleen Leon,5763345,CSAIML,Female,9.43,88.44,67.8,Beginner,Yes,No,4,1
George Pearson,9174895,EEE,Male,9.02,73.66,61.29,Moderate,No,Yes,3,1
Mike Rodriguez,2925349,CSAIML,Male,9.77,78.01,69.4,Moderate,No,Yes,1,1
Dustin Fields,2623723,CSAIML,Male,3.85,81.67,84.61,Moderate,No,No,0,0
Lisa Flores,5226400,EEE,Female,3.43,81.2,66.38,Moderate,Yes,Yes,2,0
Chad Thomas,3930421,AIDS,Male,6.37,84.96,69.27,Advanced,Yes,No,3,0
Matthew Brown,9873991,AIDS,Male,3.07,61.53,64.04,Moderate,Yes,Yes,2,0
Joel Bennett,7833153,AIDS,Male,4.04,58.62,74.35,Beginner,Yes,Yes,0,0
Allen Schultz,1518351,CSAIML,Male,4.95,62.05,83.17,Beginner,Yes,No,0,0
Thomas Willis,9666695,CSE,Male,6.18,64.67,89.5,Beginner,Yes,No,0,0
Lisa Jacobs,3093847,CSE,Female,5.99,81.68,70.1,Advanced,No,No,5,0
Robert Hart,4687162,IT,Male,7.73,55.26,98.63,Advanced,Yes,No,0,1
Stephen Smith,8918068,CSDS,Male,5.17,96.14,66.73,Advanced,Yes,Yes,2,0
Mrs. Megan Campbell DVM,3378588,EEE,Female,8.7,97.76,81.29,Moderate,No,No,5,0
Pamela Lucas,4285808,AIDS,Female,6.43,53.97,93.88,Moderate,No,No,1,0
Larry Garner,6225458,CSE,Male,3.87,59.0,78.73,Moderate,Yes,No,4,0
Ann Sanchez,4680746,CSE,Female,3.67,71.43,53.81,Beginner,Yes,No,1,0
Andrea Esparza,4575798,CSDS,Female,9.39,73.09,93.87,Moderate,Yes,Yes,5,0
Anthony Navarro,7251420,CSDS,Male,3.52,52.9,65.79,Beginner,No,No,3,0
Ryan Dean,6147055,AIDS,Male,7.95,85.11,57.79,Beginner,No,No,5,0
Nicole Rios,3805599,CSAI,Female,9.33,95.62,83.68,Beginner,Yes,No,5,0
Katrina Davis,5475179,CSAIML,Female,9.06,83.52,63.74,Advanced,Yes,Yes,0,1
Jeffrey Cohen,1725389,IT,Male,4.05,92.98,82.91,Advanced,Yes,No,0,0
Kelly Duke,9476928,AIDS,Female,4.46,84.5,61.68,Advanced,No,No,1,0
Christopher Johnson,5982998,CSE,Male,7.87,84.02,53.21,Beginner,No,No,1,0
Kim Sullivan,6347859,CSAIML,Female,8.48,50.01,83.16,Advanced,Yes,No,1,1
Kylie Mcdowell,3574985,EEE,Female,6.23,96.91,82.84,Moderate,No,No,2,0
Alan Mcmillan,1240118,AIDS,Male,3.75,62.9,65.08,Advanced,Yes,No,0,0
Tiffany Gallegos,8097427,IT,Female,7.84,90.81,92.87,Moderate,Yes,Yes,3,1
Joseph Thomas,2953848,CSAI,Male,4.59,73.28,66.66,Moderate,No,Yes,1,0
Laura Lopez,2689342,CSE,Female,6.26,64.13,74.77,Moderate,Yes,No,1,0
Kayla Gutierrez,8668660,AIDS,Female,5.83,62.38,98.02,Moderate,Yes,No,1,0
Paul Roberts,8615345,ECE,Male,4.04,98.01,70.31,Beginner,No,No,3,0
Michael Jones,4682021,ME,Male,3.13,96.59,66.43,Moderate,Yes,No,5,0
Jill Hurst,6643255,CSDS,Female,6.34,90.01,72.08,Moderate,No,Yes,3,0
Annette Nixon,6284841,CSAIML,Female,4.83,51.97,82.44,Beginner,No,No,0,0
Julia Reed,9048153,EEE,Female,4.01,77.59,51.56,Beginner,No,Yes,1,0
David Hood,8206480,ECE,Male,4.95,89.55,71.89,Advanced,Yes,No,5,0
Angela Poole,9064599,CSDS,Female,4.4,83.12,56.81,Beginner,No,Yes,5,0
Manuel Robinson,2431281,CSE,Male,4.48,85.06,69.66,Advanced,No,Yes,0,0
Christopher Holloway,5966968,AIDS,Male,6.84,80.95,73.93,Moderate,No,No,4,0
Roy Woodward,3349662,EEE,Male,4.58,83.4,55.69,Advanced,No,No,3,0
Danielle Bryant,3964270,AIDS,Female,5.71,66.54,61.13,Moderate,Yes,No,3,0
Sherry Butler,1386316,IT,Female,4.27,62.42,68.95,Beginner,No,No,1,0
Mary Blanchard,1517523,ME,Female,8.24,90.24,76.11,Moderate,No,No,0,1
Amy Ochoa,8721299,IT,Female,4.84,77.16,72.67,Advanced,Yes,Yes,1,0
Michael York,2758282,EEE,Male,4.98,53.77,91.3,Advanced,No,Yes,0,0
Melissa Collins,3629704,CSE,Female,9.5,53.44,52.49,Moderate,Yes,No,2,1
Vincent Brown,7937512,CSDS,Male,7.06,67.1,53.32,Beginner,Yes,Yes,1,1
Albert Reed,8858418,CSDS,Male,9.59,96.1,74.96,Moderate,Yes,No,5,0
Jeanne Scott,8502232,EEE,Female,3.66,54.5,99.18,Moderate,No,No,2,0
Mary Hill,4762421,EEE,Female,7.97,51.05,61.6,Beginner,No,Yes,2,1
Amanda Harris,2368467,ME,Female,6.35,87.55,58.06,Advanced,No,Yes,3,0
Melanie Jones,8814184,EEE,Female,3.1,80.23,76.85,Advanced,No,Yes,3,0
Matthew Fletcher,3354211,CSAIML,Male,9.68,74.77,80.81,Beginner,Yes,No,4,1
Mr. Sergio King MD,9637894,IT,Male,7.01,54.65,77.51,Beginner,Yes,No,2,1
Henry Hogan,8746695,CSAIML,Male,9.76,52.27,90.51,Moderate,No,Yes,5,0
Paul Rivera,9169527,CSDS,Male,3.67,89.34,59.71,Advanced,No,Yes,0,0
Kristie Allen,7681566,ME,Female,4.32,97.87,92.44,Beginner,Yes,No,5,0
Angela Combs,7543119,CSE,Female,5.42,86.85,59.03,Advanced,No,Yes,4,0
Clifford Charles,9662505,CSE,Male,9.06,59.4,78.84,Beginner,No,Yes,0,1
Harry Shaw,9216664,CSDS,Male,9.03,84.4,86.84,Advanced,No,No,5,0
Manuel Walters,1944378,AIDS,Male,3.13,96.62,66.79,Beginner,No,No,2,0
Jacob Turner,7536685,AIDS,Male,8.28,53.68,56.7,Advanced,No,Yes,4,1
Juan Blake,9670998,CSAI,Male,5.62,92.78,97.15,Advanced,No,No,2,0
Tiffany Duncan,5499805,ECE,Female,4.62,74.6,64.28,Moderate,Yes,Yes,5,0
Susan Fitzpatrick,4193245,CSDS,Female,6.14,71.1,92.0,Moderate,Yes,Yes,2,0
Paula Bennett,2956034,IT,Female,3.98,59.54,86.44,Moderate,No,No,0,0
Michelle Avila,7247176,CSAIML,Female,6.73,58.39,83.44,Beginner,Yes,No,2,0
Jose Watts,3670617,IT,Male,3.41,55.51,86.05,Advanced,Yes,No,3,0
Ashley Walker,7479071,ECE,Female,3.02,84.68,65.82,Beginner,Yes,No,3,0
Ricardo Nichols,5806859,CSAIML,Male,4.62,99.7,64.99,Advanced,No,Yes,2,0
Annette Robinson,1255442,CSE,Female,4.16,97.38,68.57,Moderate,Yes,No,4,0
John Griffith,3195518,EEE,Male,6.6,98.51,63.3,Moderate,No,Yes,2,0
Kaitlyn Gray,6774927,CSAIML,Female,3.89,75.63,69.83,Advanced,Yes,No,2,0
Luis Singleton,8289523,CSDS,Male,5.38,78.3,77.71,Advanced,No,Yes,1,0
Sean Moore,4687247,CSDS,Male,8.95,85.07,55.02,Advanced,No,Yes,2,1
Emily Wilson,1551725,EEE,Female,6.08,64.54,74.58,Beginner,No,Yes,1,0
Carol Cook,6414360,AIDS,Female,5.55,66.87,87.86,Beginner,No,No,3,0
David Coleman,2962108,CSE,Male,5.09,98.57,99.73,Moderate,Yes,No,0,0
Jeffrey Meyer,4104487,CSAI,Male,5.91,68.9,86.43,Beginner,Yes,No,0,0
Tammy Choi,6377701,EEE,Female,7.18,92.24,74.57,Beginner,Yes,Yes,5,0
Jonathan Johnson,3668814,CSAI,Male,3.05,51.46,65.97,Beginner,No,No,1,0
Jessica Morris,2945220,IT,Female,8.94,81.47,80.93,Beginner,Yes,Yes,2,1
Christopher Cook,5067935,ME,Male,6.11,81.96,86.78,Beginner,No,No,3,0
Joshua Hardin,9954270,CSDS,Male,9.36,98.45,71.33,Beginner,Yes,Yes,1,1
Destiny Horton,8403281,CSE,Female,9.81,64.39,50.46,Moderate,No,No,3,1
Alexander Garcia,5324768,CSDS,Male,8.98,58.95,91.4,Advanced,Yes,Yes,0,1
Susan Contreras,7188803,EEE,Female,7.44,78.28,71.11,Beginner,Yes,Yes,1,1
Julie Brown,8213619,CSAI,Female,5.3,58.14,77.8,Beginner,No,Yes,1,0
Crystal Smith,4557218,ME,Female,4.64,65.39,89.6,Advanced,Yes,No,2,0
Lauren Williams,3297732,CSAIML,Female,3.69,54.02,91.13,Advanced,No,Yes,4,0
Ronald Arnold,7691279,EEE,Male,6.62,82.99,55.64,Moderate,No,Yes,3,0
Marissa Kerr,8487715,IT,Female,7.47,63.09,97.53,Advanced,Yes,Yes,0,1
Maria Booth,1134360,ECE,Female,6.01,92.76,82.1,Advanced,Yes,Yes,0,0
Jennifer Adkins,8575585,EEE,Female,8.12,85.39,98.66,Advanced,No,Yes,2,1
Sara Stewart,5714601,CSDS,Female,6.74,94.45,93.52,Advanced,Yes,No,5,0
Marc Brown,9890917,CSAI,Male,6.82,52.09,71.1,Moderate,Yes,No,3,0
James Reynolds,5722378,ECE,Male,7.82,77.32,97.5,Advanced,No,No,0,0
Justin Howell,1795516,CSAIML,Male,9.74,51.14,64.81,Beginner,Yes,Yes,3,1
Shane Smith,3512106,CSAI,Male,7.06,95.83,76.17,Moderate,Yes,No,2,1
Kathleen Mitchell,6328228,CSE,Female,8.21,62.91,79.69,Advanced,Yes,No,1,1
Leah Dennis,7685046,ECE,Female,6.29,62.8,70.3,Moderate,Yes,Yes,5,0
Brady Williams,3884089,EEE,Male,8.37,99.44,53.9,Moderate,Yes,Yes,3,1
Amanda Butler,8396905,IT,Female,4.49,69.95,85.98,Beginner,No,Yes,4,0
Micheal Browning,5038483,CSE,Male,4.13,62.42,82.41,Beginner,Yes,No,2,0
Curtis Abbott,5855431,EEE,Male,8.3,85.11,62.27,Beginner,No,No,0,1
Mrs. Ashley Cross MD,8971459,CSE,Female,8.22,67.33,99.44,Beginner,Yes,No,2,1
Walter James,3523692,ECE,Male,4.51,73.6,65.6,Beginner,Yes,No,0,0
Kristina Lane MD,1230975,CSAIML,Female,5.43,71.8,73.35,Beginner,No,Yes,3,0
Frank Colon,4913735,CSAIML,Male,6.87,81.65,99.66,Advanced,No,Yes,4,0
Lisa Melton,6862823,CSE,Female,8.53,86.51,72.77,Beginner,Yes,Yes,2,1
Mary Davis,5606129,CSDS,Female,3.95,95.41,76.49,Moderate,Yes,Yes,5,0
Ashley Mullins,9447360,CSDS,Female,5.59,84.49,86.12,Moderate,No,Yes,5,0
John Rogers,9747399,CSAIML,Male,5.41,95.05,50.38,Moderate,No,No,5,0
Megan Baldwin,9933486,CSDS,Female,3.62,90.38,59.18,Advanced,Yes,Yes,0,0
Anthony Young,7120990,CSAIML,Male,5.05,70.68,97.16,Advanced,Yes,No,4,0
Jill Jensen,7878318,ECE,Female,9.83,56.37,82.78,Moderate,Yes,No,5,0
Paul Tate,1529356,AIDS,Male,3.77,60.37,99.73,Advanced,No,No,0,0
Shaun Rodriguez,7028481,ME,Male,7.32,96.77,64.01,Advanced,Yes,No,0,1
Kristen Oliver,3847802,CSAI,Female,5.2,61.96,81.79,Advanced,Yes,No,4,0
Rachel Evans,3086613,ME,Female,6.12,64.47,90.57,Beginner,No,No,2,0
Travis Reed,3638307,CSAI,Male,4.05,88.23,53.91,Advanced,No,Yes,1,0
Sean Williams,7974485,CSDS,Male,4.6,54.49,51.96,Beginner,No,No,0,0
Deborah Hernandez,6188642,CSE,Female,3.3,53.49,88.56,Beginner,No,No,0,0
Richard Fuller,2690150,CSAIML,Male,8.71,58.58,66.53,Advanced,No,Yes,2,1
Jacob Hill,4501689,ECE,Male,8.24,83.6,63.62,Moderate,Yes,No,2,1
Edward Gordon,2387298,CSDS,Male,8.35,77.73,73.25,Beginner,Yes,Yes,2,1
Cindy Bell,4057912,CSAIML,Female,8.6,79.31,90.03,Beginner,Yes,Yes,2,1
Maria Smith,4065846,AIDS,Female,4.99,66.56,98.72,Advanced,No,Yes,3,0
Jennifer Sanchez,5554129,IT,Female,8.6,85.29,63.21,Advanced,Yes,No,3,1
Mary Brown,5288109,ECE,Female,7.93,64.45,93.62,Advanced,Yes,Yes,5,0
Matthew Wilson,9843240,CSE,Male,8.86,52.55,56.79,Beginner,Yes,Yes,4,1
Paul Mitchell,7632914,CSDS,Male,6.07,78.77,52.61,Moderate,No,No,0,0
Jacqueline Vaughan,2441194,IT,Female,7.19,78.0,99.35,Advanced,Yes,Yes,1,1
Anita Johnson,7338552,CSDS,Female,8.04,61.17,76.13,Moderate,No,Yes,5,0
Todd Barnes,9086220,EEE,Male,3.7,93.66,59.86,Moderate,No,No,4,0
Steve Wright Jr.,4310917,ME,Male,9.32,81.36,69.85,Moderate,Yes,No,2,1
Nicole Sanders,6598435,CSDS,Female,3.09,59.01,60.96,Moderate,No,No,2,0
Lisa Henderson,9923343,AIDS,Female,7.9,59.76,77.5,Advanced,Yes,Yes,3,1
William Blake Jr.,2651485,CSE,Male,6.44,72.43,91.1,Beginner,No,Yes,4,0
Heather Cain,4433496,EEE,Female,3.59,97.09,99.16,Moderate,Yes,Yes,0,0
David Sanders,4454383,EEE,Male,6.73,64.15,66.31,Moderate,Yes,Yes,3,0
Jenna Harris,7273342,CSAI,Female,4.66,51.87,52.56,Moderate,No,Yes,5,0
Kara Bullock,6181067,CSDS,Female,9.6,60.08,68.04,Advanced,Yes,No,4,1
Christopher Robles,2498554,EEE,Male,9.31,79.15,98.99,Beginner,No,No,2,1
Ryan Wong,3689874,ME,Male,9.46,57.88,70.6,Moderate,No,No,0,1
Dean Singh,9929724,CSDS,Male,8.48,68.34,95.28,Beginner,Yes,Yes,3,1
Thomas Thomas,5888185,ME,Male,8.04,63.34,70.57,Moderate,Yes,No,1,1
Andrew Davis,6138269,CSAIML,Male,9.28,96.66,89.31,Beginner,Yes,Yes,3,1
Karen Brady,4665088,ECE,Female,9.97,94.14,72.6,Moderate,No,Yes,5,0
Kathryn Moore,9739497,IT,Female,9.47,77.12,68.66,Advanced,No,No,3,1
Clifford Hernandez,3547171,ME,Male,6.91,95.07,68.86,Beginner,No,No,3,0
Victoria Nguyen,9782223,CSAIML,Female,9.14,57.98,84.77,Beginner,No,No,5,0
Jennifer Williams,6549492,IT,Female,3.73,67.07,55.23,Beginner,No,No,4,0
Carrie Reynolds,3386664,EEE,Female,5.66,76.12,75.62,Moderate,Yes,Yes,4,0
Donna Graham,7130834,AIDS,Female,9.43,92.09,84.79,Beginner,Yes,Yes,3,1
Nancy Meyer,4047270,CSE,Female,7.17,95.85,88.49,Advanced,No,Yes,4,1
George Mayer,7847384,ME,Male,3.19,95.46,76.58,Moderate,Yes,No,3,0
Blake Ramos,6748339,IT,Male,8.66,79.98,85.77,Advanced,Yes,No,2,1
Vicki King,3576332,CSDS,Female,7.98,64.15,88.98,Moderate,No,Yes,0,1
Glenn Watson,4109207,CSAI,Male,4.89,76.49,64.06,Advanced,Yes,No,2,0
William Pollard,9927976,CSAIML,Male,6.55,78.62,68.64,Moderate,No,Yes,0,0
Patrick Long,5206883,CSAIML,Male,9.41,90.73,81.97,Beginner,No,No,5,0
Ian Anderson,5382119,CSE,Male,8.32,64.89,82.21,Moderate,Yes,Yes,1,1
James Watson,2188064,IT,Male,8.18,99.79,52.56,Advanced,Yes,Yes,5,0
Gary Garrett,7527614,CSDS,Male,5.82,74.03,72.62,Advanced,No,Yes,3,0
Donald Ritter,9585365,CSAIML,Male,5.73,56.14,67.15,Beginner,Yes,No,5,0
Richard Elliott,1554187,CSAIML,Male,9.09,54.36,54.07,Advanced,Yes,No,3,1
Jeffrey Phillips,9237346,ME,Male,8.57,70.2,88.18,Advanced,No,Yes,5,0
Mathew Christensen,4305913,CSAIML,Male,5.98,70.86,71.13,Moderate,No,No,4,0
Gary Davis,2901633,CSDS,Male,4.84,52.58,87.03,Beginner,No,Yes,0,0
Denise Sanchez,7120309,ECE,Female,3.46,91.68,79.71,Moderate,No,No,4,0
Patrick Smith,4324502,CSDS,Male,9.59,60.32,79.85,Beginner,Yes,No,4,1
Michelle Lowery,2599942,ME,Female,6.01,93.11,70.98,Advanced,No,Yes,3,0
Scott Henderson,7518982,ME,Male,3.82,64.97,73.04,Moderate,Yes,Yes,0,0
Lucas Rowe,3522758,CSAIML,Male,9.94,99.96,69.59,Beginner,Yes,No,5,0
Kristen Black,5702129,CSE,Female,7.4,59.01,51.59,Advanced,No,Yes,0,1
Carolyn Baker,7522182,CSAIML,Female,7.93,96.89,59.31,Moderate,Yes,No,5,0
Jamie Parker,4011177,EEE,Female,6.77,63.19,56.94,Moderate,Yes,No,2,0
Mark Parrish,5752209,CSE,Male,3.54,92.61,89.22,Moderate,No,Yes,5,0
Scott Compton,9716436,IT,Male,4.98,78.07,51.49,Moderate,Yes,No,1,0
Cynthia Sanford,4466239,EEE,Female,9.76,61.18,57.24,Advanced,No,No,3,1
Courtney Smith,4584848,AIDS,Female,6.66,74.99,96.83,Advanced,No,No,0,0
Alexander Armstrong,7643707,ME,Male,4.37,92.1,66.12,Beginner,No,No,2,0
Jeffrey Vega,9164797,CSAI,Male,7.16,95.77,56.56,Beginner,No,Yes,1,0
Kayla House,7087617,AIDS,Female,5.03,99.4,82.98,Beginner,Yes,Yes,4,0
Jeffrey Conrad,2104190,CSAIML,Male,9.84,91.29,66.03,Moderate,Yes,No,5,0
James Hoffman,9972516,IT,Male,3.08,99.86,82.23,Advanced,No,No,1,0
Vanessa Khan,4863131,EEE,Female,4.02,56.57,84.58,Beginner,No,No,4,0
Melanie Turner,7956158,CSAI,Female,6.34,66.11,92.77,Advanced,No,No,4,0
Nathaniel Parks,8202695,ECE,Male,5.65,99.12,85.77,Beginner,No,No,4,0
Brenda May,5697310,EEE,Female,9.93,53.91,84.56,Beginner,Yes,No,1,1
Elizabeth Aguilar,8567540,EEE,Female,4.32,78.49,61.69,Moderate,Yes,No,5,0
John Bailey,3308607,CSAI,Male,8.16,71.44,53.03,Advanced,No,Yes,3,1
Seth Bullock,8866601,AIDS,Male,7.41,73.68,71.08,Moderate,No,Yes,2,0
Nicole Bowen,1196580,CSE,Female,5.08,83.66,70.49,Moderate,Yes,No,1,0
Jeffrey Novak,5440536,ECE,Male,5.4,69.96,66.17,Advanced,No,No,3,0
Nicole Smith,4617033,CSAI,Female,6.7,59.89,64.22,Moderate,No,Yes,2,0
Benjamin Hill,9055463,CSDS,Male,9.81,70.5,59.49,Beginner,Yes,No,4,1
Heather Martinez,8225305,ME,Female,9.87,56.61,53.04,Advanced,Yes,No,0,1
Erica Manning,7059581,CSDS,Female,7.15,58.41,62.95,Advanced,No,Yes,1,1
Christine Schmitt,4584156,AIDS,Female,9.31,65.17,76.84,Moderate,No,No,5,0
Laura Ruiz,3302023,CSDS,Female,3.67,93.51,85.67,Beginner,No,Yes,2,0
Richard Gomez,7039041,ECE,Male,3.49,98.99,63.06,Moderate,No,Yes,0,0
Karen Anderson,7610660,ECE,Female,4.0,54.98,83.38,Advanced,Yes,No,2,0
Jade Vasquez,2795256,AIDS,Female,5.34,56.83,55.79,Moderate,No,No,0,0
Hector Snyder,3139542,CSDS,Male,6.37,96.68,59.54,Beginner,Yes,Yes,3,0
Travis Kelly,6010741,EEE,Male,8.15,62.88,57.22,Moderate,Yes,Yes,4,1
Melanie Hawkins,1282885,CSAIML,Female,6.88,81.74,96.96,Beginner,No,Yes,0,0
Chris Garza,7425972,AIDS,Male,5.17,96.81,54.23,Moderate,No,Yes,0,0
Jessica Ruiz,9106533,AIDS,Female,6.15,73.14,98.4,Beginner,No,No,5,0
Anthony Green,8001301,CSAI,Male,3.4,92.46,51.08,Advanced,Yes,Yes,4,0
Melvin Sanchez,7481737,ECE,Male,8.31,83.08,62.48,Beginner,Yes,No,4,1
Patricia Anderson,4202155,CSAI,Female,7.0,52.45,57.33,Moderate,Yes,No,3,1
Gabrielle Maddox,5387504,EEE,Female,7.71,52.58,88.62,Advanced,Yes,No,3,1
Pamela Rivera,4869162,IT,Female,5.2,70.47,79.46,Beginner,Yes,Yes,5,0
Savannah Obrien,1249638,ECE,Female,9.95,81.68,54.34,Advanced,No,No,0,1
Don Durham MD,3282417,AIDS,Male,9.64,68.72,76.67,Advanced,No,No,5,0
James Hull,4324244,ME,Male,6.05,99.88,87.74,Advanced,Yes,No,5,0
Robert Graham,4977107,CSE,Male,5.08,90.85,57.43,Moderate,No,Yes,2,0
Diana Miller,2106194,CSDS,Female,5.86,60.53,91.58,Advanced,Yes,No,0,0
Tiffany Rodriguez,9714556,EEE,Female,5.57,59.92,72.33,Moderate,Yes,Yes,4,0
Linda Kelly,4906034,IT,Female,7.3,57.5,67.75,Beginner,No,No,0,0
Jacob Mason,8387554,CSAIML,Male,4.16,52.37,95.85,Advanced,No,No,5,0
Jason Evans,7045644,EEE,Male,7.04,59.53,95.66,Advanced,Yes,Yes,3,1
Jennifer Garcia,2208144,AIDS,Female,7.6,90.01,65.25,Advanced,No,No,1,1
Daniel Scott,8689777,CSE,Male,8.27,75.14,72.98,Advanced,Yes,Yes,1,1
John Jones,1968531,AIDS,Male,8.71,56.32,72.2,Beginner,Yes,No,5,0
Bruce Hicks,6730184,CSDS,Male,8.91,76.5,82.78,Advanced,No,No,1,1
Ann Garcia,2390778,ECE,Female,8.37,77.25,68.63,Beginner,Yes,Yes,2,1
Todd Lewis,3624627,CSAI,Male,4.02,50.51,67.42,Moderate,No,No,1,0
Jessica Martinez,3761220,CSAIML,Female,4.72,86.89,73.24,Beginner,Yes,No,1,0
Michael Allen,7582097,CSE,Male,5.83,51.81,52.33,Moderate,No,Yes,4,0
Andrew Garrett,1005437,IT,Male,5.47,99.23,80.44,Beginner,No,No,0,0
Kathleen Davis,8521174,AIDS,Female,4.57,55.97,61.39,Beginner,No,No,5,0
John Brown,4541067,ECE,Male,5.65,68.96,69.83,Advanced,Yes,No,1,0
Charles Vargas,2810318,CSAI,Male,6.77,55.04,89.66,Moderate,No,No,4,0
Jose Washington,4743653,ME,Male,9.19,75.81,77.02,Beginner,Yes,Yes,5,0
Anita Rodriguez,7600929,AIDS,Female,9.19,69.83,51.58,Moderate,No,No,1,1
Christopher Jackson,2423521,CSAI,Male,6.12,96.32,93.65,Beginner,No,No,4,0
Paul Cross,6768481,ME,Male,7.11,53.01,54.59,Advanced,No,No,1,1
Samantha Wilson,9698622,CSAI,Female,6.22,72.57,97.74,Moderate,Yes,No,1,0
Michael Mcintyre,7195613,CSAIML,Male,3.64,71.89,94.25,Moderate,Yes,No,0,0
Christopher Reeves,4288020,CSAI,Male,8.41,61.62,97.74,Advanced,No,Yes,1,1
Jason Smith,5835393,EEE,Male,6.34,52.04,54.4,Moderate,No,No,3,0
Ashley Cole,7647828,EEE,Female,3.18,82.51,81.89,Beginner,No,Yes,4,0
Kenneth Jones,1395021,AIDS,Male,4.79,74.38,54.19,Beginner,No,No,2,0
Brenda Ware,7117301,CSE,Female,4.7,94.91,85.37,Advanced,No,Yes,1,0
Lori Hernandez,2686111,IT,Female,5.97,50.36,73.89,Moderate,No,No,5,0
Katie Adams,3148428,CSAI,Female,6.0,65.03,50.68,Beginner,Yes,Yes,1,0
Shirley Lucas,2054674,CSDS,Female,8.31,50.67,95.04,Advanced,Yes,No,0,1
Mitchell Williams,3129670,CSE,Male,6.46,79.0,86.15,Beginner,No,Yes,0,0
Jesse Davies,2929302,CSAIML,Male,4.88,90.74,89.22,Beginner,No,Yes,3,0
Monica Cox,4469445,CSDS,Female,5.21,91.69,84.89,Advanced,Yes,No,4,0
Richard Carson,9484973,CSAIML,Male,4.17,85.42,60.8,Advanced,Yes,No,4,0
Melanie Rosario,7594372,EEE,Female,4.96,99.37,95.52,Beginner,Yes,No,5,0
Susan Guerrero,6998140,EEE,Female,3.7,79.98,80.73,Beginner,No,Yes,0,0
Adam Harris,9348734,CSE,Male,9.84,99.13,52.14,Advanced,Yes,No,5,0
Nathan Huynh,4774969,ME,Male,5.4,74.36,82.07,Beginner,Yes,Yes,4,0
Victor Cortez,5226711,CSAIML,Male,7.15,59.82,87.42,Moderate,No,No,5,0
Tracey Rivas,5100943,CSE,Female,5.95,97.61,86.39,Beginner,No,Yes,0,0
Latoya Bailey,2400011,AIDS,Female,8.6,65.05,85.55,Advanced,No,No,2,1
Kristen Perez,1590564,ME,Female,6.38,64.36,59.54,Advanced,No,Yes,0,0
Jason Davis,9678691,IT,Male,7.72,63.65,64.05,Moderate,No,Yes,1,0
Ms. Penny Carpenter,9333350,EEE,Female,7.51,97.79,67.28,Beginner,Yes,Yes,3,1
Phillip Johnson,3579411,IT,Male,8.51,71.01,75.5,Advanced,No,Yes,2,1
Cynthia James,6040257,AIDS,Female,8.58,82.17,79.62,Advanced,No,Yes,1,1
Mitchell Parker,8298927,ECE,Male,9.44,76.85,73.14,Beginner,No,Yes,1,1
Gabriella Harrison,1981273,EEE,Female,4.1,76.73,54.86,Moderate,Yes,Yes,1,0
Sandra Valdez,9866075,CSAIML,Female,6.05,56.86,53.54,Beginner,Yes,Yes,0,0
Zachary Fischer,8426149,CSAI,Male,9.53,97.19,78.95,Advanced,No,Yes,1,1
Daniel Wyatt,2413651,ECE,Male,6.33,58.76,72.0,Moderate,Yes,No,2,0
Jeffrey Herrera,6136313,CSDS,Male,8.42,69.13,98.93,Moderate,Yes,No,3,1
Matthew Davis,2700822,ECE,Male,8.71,87.69,69.03,Moderate,Yes,No,2,1
Lindsey Young,6155792,AIDS,Female,6.29,81.7,72.13,Beginner,No,Yes,5,0
Kevin Mcdonald,1764434,CSAIML,Male,4.41,81.57,54.99,Advanced,No,Yes,1,0
Philip Oconnor,2414919,EEE,Male,3.76,88.51,74.28,Advanced,Yes,Yes,5,0
Douglas Lloyd,4961025,AIDS,Male,4.29,98.47,96.52,Beginner,Yes,No,0,0
Christian Shepherd,2757971,CSAI,Male,5.34,61.97,71.1,Advanced,No,No,0,0
Mark Larsen,5457592,EEE,Male,5.39,75.76,66.82,Beginner,Yes,Yes,0,0
Lauren Schmidt,4534188,CSE,Female,6.28,89.95,94.02,Beginner,Yes,No,5,0
Bradley Smith,3811321,CSAI,Male,4.66,67.14,65.16,Advanced,No,Yes,1,0
Jessica Sweeney,2131214,IT,Female,3.67,89.45,90.83,Beginner,Yes,No,5,0
Samantha Simon,5811029,CSAI,Female,5.94,95.69,64.21,Advanced,No,No,4,0
William Wyatt,4751311,AIDS,Male,8.92,61.92,98.64,Beginner,Yes,No,0,1
Ana Savage,7075021,CSE,Female,4.92,71.74,80.4,Beginner,No,No,3,0
Claudia Lin,6266577,CSE,Female,8.69,73.85,69.98,Advanced,No,Yes,5,0
Philip Jimenez,7619514,CSAI,Male,8.77,90.36,74.5,Advanced,No,No,0,1
Clayton Brown,3451170,CSE,Male,3.73,95.02,57.81,Advanced,Yes,No,2,0
Courtney Mcintosh,1523149,ECE,Female,3.97,92.26,76.96,Advanced,Yes,No,1,0
Diane Johnson,5796965,CSE,Female,9.14,87.27,93.64,Beginner,No,Yes,2,1
Darren Wells,8860629,CSAI,Male,8.75,53.15,52.21,Moderate,Yes,No,4,1
Clifford Andrade,1584769,CSAIML,Male,6.06,59.58,74.39,Beginner,Yes,No,2,0
Derek Miller,8146848,EEE,Male,6.25,82.87,58.91,Moderate,Yes,Yes,1,0
Charles Ruiz,5626724,CSAI,Male,8.68,56.33,56.64,Moderate,Yes,Yes,4,1
Zachary Roth,4204683,CSE,Male,7.4,55.4,54.35,Moderate,No,No,0,0
John Juarez,3949202,CSAIML,Male,5.95,58.83,87.89,Beginner,No,No,3,0
Lisa Montes,3673514,EEE,Female,7.21,66.12,91.31,Beginner,Yes,No,3,1
Destiny Jimenez,6278303,ME,Female,6.31,84.08,75.47,Advanced,No,Yes,1,0
Adrienne Snyder,4556844,CSDS,Female,5.54,66.32,54.65,Moderate,Yes,Yes,3,0
Misty Sanchez,3427318,AIDS,Female,8.67,92.04,78.89,Moderate,Yes,No,1,1
Sean Jones,7143676,CSAIML,Male,9.02,83.67,60.67,Moderate,Yes,Yes,3,1
Timothy Soto,7602868,ME,Male,4.99,69.89,78.6,Moderate,No,Yes,5,0
Mr. Roy Hall,2753340,AIDS,Male,6.09,75.87,93.93,Moderate,Yes,Yes,5,0
Timothy Bowers,4994940,CSAI,Male,4.16,98.2,65.9,Advanced,Yes,No,4,0
John Garcia,9346475,CSAIML,Male,5.72,68.31,75.66,Advanced,Yes,Yes,0,0
Sonya Lester,3568690,IT,Female,5.65,65.77,80.22,Beginner,Yes,Yes,0,0
James Holmes,7104399,ME,Male,9.29,65.07,87.62,Advanced,Yes,No,2,1
Michael Kennedy,8330499,ECE,Male,3.15,62.57,59.08,Beginner,No,Yes,5,0
Yvette Nichols,9987010,CSAIML,Female,8.72,84.84,65.58,Moderate,No,No,0,1
Brian Thompson,4539136,AIDS,Male,3.44,92.01,82.15,Beginner,Yes,Yes,5,0
Alyssa Morris,8555885,ECE,Female,6.06,71.28,67.73,Beginner,No,Yes,3,0
Jodi Collins,5032614,AIDS,Female,9.55,87.26,65.95,Beginner,Yes,Yes,2,1
Melissa Brown,1363418,IT,Female,8.61,62.35,78.65,Advanced,No,Yes,1,1
Brian Hernandez,5324549,CSE,Male,5.09,72.11,50.43,Moderate,No,No,3,0
Laura Lopez,1398151,ME,Female,7.46,68.14,99.35,Moderate,Yes,Yes,3,1
Cynthia Bradley,9101788,EEE,Female,3.86,81.6,84.6,Moderate,No,No,0,0
Doris Moore,4496582,CSAI,Female,4.6,98.3,99.74,Advanced,No,Yes,4,0
Patricia Mora,8996548,CSAI,Female,4.71,92.85,88.62,Moderate,Yes,No,3,0
Robert Jones,5596971,CSAIML,Male,8.71,55.93,74.9,Advanced,No,Yes,5,0
Taylor Watts,1395790,EEE,Male,9.66,65.49,53.61,Beginner,Yes,No,4,1
Patrick Diaz,9552937,ECE,Male,6.35,57.55,76.66,Moderate,No,Yes,2,0
Sara Cook,4922253,AIDS,Female,6.4,89.26,64.6,Advanced,No,No,1,0
Daniel Hall,8032860,ECE,Male,6.33,96.19,74.7,Moderate,No,Yes,5,0
James Patel,4926281,EEE,Male,9.65,51.64,55.43,Advanced,Yes,No,2,1
Lisa Green,5687393,CSAIML,Female,7.35,80.44,59.38,Moderate,No,No,4,1
Desiree Davis,8356613,IT,Female,8.44,87.86,50.32,Advanced,No,Yes,0,1
Jason Tate,7677195,EEE,Male,9.59,95.72,62.91,Advanced,Yes,Yes,1,1
Anthony Miller,3812979,EEE,Male,8.19,91.92,96.95,Beginner,No,Yes,1,1
Timothy Massey,2545794,CSE,Male,5.58,52.55,91.84,Advanced,Yes,No,5,0
Danielle Morrison,1576416,IT,Female,7.85,95.35,56.18,Beginner,No,No,5,0
Sheila Harris,1601600,CSAI,Female,5.52,53.71,92.77,Advanced,No,Yes,5,0
Michael Stevens,9669223,CSE,Male,7.83,92.93,90.94,Advanced,Yes,Yes,3,1
Michael Nelson,1156844,CSAI,Male,8.01,67.78,53.07,Beginner,No,No,4,0
Jeffery Johnston,2866396,IT,Male,9.15,88.37,64.97,Advanced,Yes,Yes,1,1
Steven Walker,3908849,CSDS,Male,4.03,52.92,72.88,Advanced,Yes,No,4,0
Janet Duncan,6329184,AIDS,Female,4.63,96.01,73.52,Moderate,No,No,4,0
Karl Cain,3289377,CSAIML,Male,5.52,76.88,61.48,Advanced,No,No,1,0
James Poole,9183439,ME,Male,7.39,94.96,50.83,Beginner,Yes,Yes,4,1
Angela Nelson,7098050,AIDS,Female,3.85,82.09,95.01,Moderate,No,Yes,3,0
Mark Martin,7754452,ME,Male,6.87,98.27,87.23,Moderate,Yes,No,4,0
Tiffany Stephens PhD,3185135,EEE,Female,5.85,82.06,86.03,Beginner,No,Yes,1,0
Sarah Warren,5821314,CSAIML,Female,4.99,75.18,63.46,Beginner,Yes,Yes,1,0
Catherine Mann,3255679,IT,Female,8.37,64.21,71.87,Moderate,Yes,Yes,5,0
James Garcia,2032516,AIDS,Male,5.2,69.42,77.9,Advanced,Yes,Yes,2,0
Nicole Schmidt,6831258,AIDS,Female,5.84,84.77,90.11,Beginner,No,Yes,3,0
Stephanie Moore,5782354,CSAIML,Female,9.65,70.7,95.85,Beginner,No,Yes,5,0
Robert Hines MD,8261791,CSAIML,Male,5.81,52.58,75.67,Beginner,No,No,2,0
Christopher Simmons,4270554,AIDS,Male,8.39,57.64,59.47,Moderate,Yes,Yes,0,1
Crystal Ashley,1905355,IT,Female,9.75,68.7,74.72,Advanced,No,Yes,3,1
Andrew Higgins,4297423,AIDS,Male,6.28,74.05,93.12,Beginner,No,No,0,0
Stephanie Mitchell,3391352,ECE,Female,3.38,90.96,50.72,Advanced,Yes,No,1,0
Ronald Black,4784010,IT,Male,9.86,65.18,77.17,Advanced,Yes,No,2,1
Maria Gonzales,1819060,CSAIML,Female,6.47,50.82,95.52,Advanced,Yes,Yes,1,0
Joseph Andersen,6177318,CSAI,Male,7.14,55.64,72.9,Beginner,No,Yes,0,0
Miranda Gates,2118119,EEE,Female,6.25,80.18,92.18,Moderate,No,No,3,0
Jay Ford,7386649,IT,Male,8.67,94.05,51.29,Beginner,Yes,Yes,4,1
Bianca Wright,8077325,CSE,Female,7.47,62.99,64.85,Moderate,No,No,1,1
Kimberly Wright,7047364,EEE,Female,8.98,89.14,53.84,Beginner,No,No,5,0
Robin Wright,6573466,CSAI,Female,8.63,62.41,79.42,Advanced,No,Yes,0,1
Kevin Anderson,6629907,CSE,Male,3.31,77.32,91.93,Moderate,No,No,3,0
Pamela Alexander,8599778,IT,Female,7.7,52.24,74.08,Advanced,Yes,Yes,3,1
Alexander Richardson,5588093,IT,Male,4.17,94.32,63.04,Beginner,No,No,4,0
Carol Evans,3576237,CSAI,Female,5.76,81.57,84.96,Moderate,No,Yes,4,0
Morgan Watkins,1023463,ME,Female,8.79,61.78,57.62,Advanced,No,Yes,0,1
Sarah Butler,5783098,ECE,Female,3.16,58.07,84.33,Beginner,No,Yes,4,0
Laura Cantu,7051533,CSAI,Female,4.3,64.66,55.46,Beginner,Yes,Yes,1,0
Andrea Rodriguez,1826910,ME,Female,8.98,51.91,86.13,Advanced,Yes,Yes,3,1
Melinda Allen,5042480,EEE,Female,9.21,92.01,52.41,Moderate,No,No,2,1
Jonathan Martin,2719467,ECE,Male,9.66,81.76,54.32,Advanced,No,Yes,4,1
Lisa Nguyen,3068061,CSAI,Female,6.11,59.24,52.04,Advanced,No,No,0,0
Kenneth Jimenez,7488438,CSE,Male,9.51,77.67,63.78,Beginner,Yes,No,3,1
Christina Salazar,3968931,CSAI,Female,7.81,97.11,86.04,Advanced,No,No,1,1
Brianna Savage,5838738,CSAIML,Female,4.46,87.98,77.1,Advanced,Yes,No,1,0
David Salazar,3767338,EEE,Male,6.24,57.29,82.69,Beginner,No,Yes,1,0
Sheena Fritz,4203464,IT,Female,7.83,74.34,57.28,Beginner,No,Yes,5,0
Steven Scott,3564190,CSAIML,Male,8.05,82.08,71.89,Moderate,No,No,0,1
Steven Wright,1431682,IT,Male,6.57,74.91,93.36,Moderate,No,Yes,0,0
Linda Bowers,3106733,ECE,Female,3.01,65.48,91.88,Advanced,Yes,No,3,0
Gary Lopez,3075784,CSDS,Male,5.31,66.3,59.08,Beginner,Yes,No,3,0
Sarah Thompson,9187038,CSE,Female,5.32,97.51,71.3,Beginner,No,No,0,0
Kevin Stanley,3365305,CSAIML,Male,9.48,96.43,53.97,Moderate,Yes,Yes,2,1
Cassandra Martinez,2440903,ECE,Female,9.14,98.03,97.49,Advanced,No,Yes,1,1
William Rivera,5140108,IT,Male,4.06,68.58,75.58,Advanced,No,Yes,3,0
Laurie Brown,4454438,CSDS,Female,6.32,75.47,77.29,Moderate,Yes,Yes,4,0
Angel Anderson,7666556,CSDS,Male,5.68,99.49,56.22,Advanced,Yes,Yes,5,0
Jack Briggs,1445242,CSE,Male,4.33,71.6,74.76,Beginner,Yes,Yes,3,0
David Reyes,8195653,CSE,Male,5.43,56.7,82.45,Beginner,Yes,No,3,0
Ethan Patrick,1424001,ME,Male,9.11,71.78,57.18,Beginner,No,Yes,5,0
William Jackson,2533464,IT,Male,8.39,82.22,52.04,Moderate,No,No,0,1
John Robinson,9092062,AIDS,Male,4.69,76.06,75.36,Beginner,Yes,No,3,0
John Walter,8019555,ECE,Male,4.4,56.92,59.74,Advanced,Yes,No,5,0
Gary Coleman,9265559,CSAI,Male,8.53,94.0,52.65,Advanced,Yes,Yes,5,0
Jacob Hall,4880329,IT,Male,6.9,81.28,79.4,Moderate,Yes,No,4,0
Jeffrey Butler,1611540,CSE,Male,5.51,52.33,73.22,Advanced,Yes,No,2,0
Harold Miller,7424321,CSAIML,Male,4.94,52.84,91.97,Moderate,No,No,0,0
Andrew Marshall,2531049,AIDS,Male,4.11,58.03,94.28,Beginner,Yes,No,4,0
Robert Grant,1239382,AIDS,Male,3.41,67.75,71.08,Moderate,Yes,No,5,0
Martin Knox,5552812,CSDS,Male,9.27,69.98,55.79,Moderate,No,No,1,1
Ryan Erickson,9948579,CSE,Male,4.56,97.92,93.37,Beginner,Yes,No,5,0
Carla Hernandez,4766432,CSAIML,Female,8.7,51.66,62.99,Advanced,No,No,2,1
Kevin Miller,9656712,IT,Male,9.71,79.76,59.46,Beginner,No,No,0,1
Nicole Sparks,3268865,ME,Female,7.82,88.89,85.69,Advanced,No,Yes,5,0
Dustin Wilson,6905442,EEE,Male,4.58,68.96,59.6,Beginner,No,No,4,0
Robin Patterson,1245939,ECE,Female,9.19,93.06,77.67,Moderate,Yes,Yes,4,1
Molly Lara,9398211,CSAI,Female,5.48,70.37,65.27,Beginner,Yes,Yes,2,0
Adrian Schmidt,7429961,ECE,Male,6.67,91.45,60.49,Beginner,Yes,No,0,0
Timothy King,6845001,CSAIML,Male,7.12,89.18,70.77,Moderate,No,No,4,0
Christopher Ibarra,6873207,ECE,Male,3.93,86.93,95.41,Beginner,Yes,No,0,0
Brandon Smith,3012201,ME,Male,8.23,81.65,60.59,Moderate,No,No,0,1
Lisa Vazquez,3439649,AIDS,Female,5.83,63.67,93.76,Advanced,No,Yes,2,0
Jill Goodwin,3062956,EEE,Female,5.15,88.92,73.68,Moderate,No,No,1,0
Christopher Rodgers,2864407,ME,Male,9.53,97.34,81.47,Moderate,No,No,3,1
Paul Ramirez,6540090,ECE,Male,5.65,81.44,60.38,Beginner,No,No,4,0
Ernest Oliver,8849472,CSDS,Male,7.63,80.76,94.26,Moderate,Yes,No,5,0
Lisa Hubbard,8548837,ECE,Female,5.05,88.55,51.01,Moderate,Yes,Yes,3,0
William Medina,4097896,AIDS,Male,7.09,72.77,85.25,Beginner,Yes,Yes,3,1
Charles Rush,3285925,CSAI,Male,9.13,73.58,71.99,Advanced,No,No,5,0
Jeffrey Reed MD,7557542,CSDS,Male,7.61,72.79,77.24,Beginner,Yes,Yes,2,1
Jessica Gibbs,5547354,CSE,Female,4.05,92.16,51.59,Beginner,No,Yes,2,0
Randy Gilbert,4777970,ECE,Male,6.33,78.86,74.4,Beginner,Yes,No,3,0
Julie Johnson,8554966,CSE,Female,9.59,63.56,60.75,Advanced,Yes,No,4,1
Gary Patel,5067933,AIDS,Male,8.42,76.99,95.54,Moderate,No,No,4,1
Nicholas Chavez,5840512,IT,Male,5.37,65.66,62.46,Advanced,No,No,4,0
Robert Edwards,9928601,ECE,Male,8.73,73.91,76.89,Beginner,Yes,Yes,5,0
Shirley Spencer,5667772,AIDS,Female,6.18,93.51,76.88,Advanced,Yes,Yes,4,0
Todd Lynch,6192919,ME,Male,9.81,78.45,70.12,Beginner,No,No,2,1
Katherine Benjamin,2155570,AIDS,Female,6.02,76.23,89.1,Moderate,Yes,No,0,0
Kenneth Lane,4226207,EEE,Male,4.98,69.13,79.95,Advanced,Yes,No,5,0
Tammy Lloyd,8611814,CSDS,Female,4.49,66.67,54.04,Moderate,No,Yes,4,0
Ashley Boyd,6615257,ECE,Female,3.72,60.91,59.11,Advanced,No,No,5,0
Pamela Daniel,2139374,CSE,Female,4.55,57.04,53.5,Advanced,No,No,4,0
Tracy Ibarra,9112920,IT,Female,5.13,63.52,78.7,Moderate,Yes,No,1,0
Randy Smith,6464567,ECE,Male,7.3,63.34,77.57,Beginner,No,No,2,0
Veronica Carney,9072177,CSAI,Female,8.7,76.96,78.96,Advanced,Yes,Yes,2,1
Marc Ray,9732352,ECE,Male,5.5,94.2,63.91,Advanced,No,No,2,0
Peter Richards,8831168,CSDS,Male,5.24,82.02,75.66,Moderate,No,Yes,0,0
Gabrielle Maddox,4919065,IT,Female,7.31,58.03,78.3,Beginner,Yes,No,2,1
Jennifer Robertson,6630644,ME,Female,3.65,94.79,67.0,Moderate,No,No,0,0
Denise Rodriguez,5972820,CSE,Female,4.84,96.42,84.89,Moderate,Yes,Yes,5,0
John Jordan,4493504,ME,Male,8.58,54.61,70.06,Moderate,Yes,No,2,1
Lauren Gibson,3694234,CSAI,Female,9.15,79.25,96.02,Beginner,No,Yes,4,1
Donna Hanson,6014912,IT,Female,9.89,56.74,93.75,Moderate,No,No,4,1
Alexander Brooks,2317619,IT,Male,9.46,95.33,72.57,Moderate,No,No,1,1
Mary Charles,5833829,IT,Female,9.11,65.25,87.83,Advanced,No,No,3,1
Kenneth Lewis,8118418,CSAI,Male,5.83,56.64,80.14,Advanced,Yes,Yes,4,0
Mitchell Robertson,5610147,ME,Male,4.25,75.92,51.08,Advanced,No,Yes,1,0
James Small,1372385,AIDS,Male,4.76,52.14,84.53,Moderate,Yes,Yes,0,0
Lisa Holmes,9005993,ME,Female,3.51,82.74,76.92,Moderate,No,No,5,0
Paul Lewis Jr.,3536239,CSDS,Male,4.78,55.1,74.07,Beginner,No,Yes,2,0
Lisa Potter,5557676,EEE,Female,4.28,55.35,91.13,Beginner,Yes,Yes,3,0
Todd Carter,4432647,CSAIML,Male,7.7,50.99,98.13,Advanced,No,No,4,0
Kim Davis,1107231,CSAIML,Female,4.37,62.07,92.1,Moderate,Yes,Yes,1,0
Collin Mcdaniel,9131131,CSDS,Male,6.83,92.95,82.7,Moderate,No,Yes,3,0
Elizabeth Green,1348410,CSDS,Female,8.71,95.01,52.32,Beginner,No,Yes,4,0
Jonathan Fuller,8297971,AIDS,Male,9.48,78.4,88.08,Advanced,Yes,Yes,0,1
Robert Kelley,4947711,CSE,Male,6.02,98.26,59.03,Beginner,Yes,Yes,3,0
Catherine Hardy,1052687,ECE,Female,3.69,92.48,66.22,Advanced,No,No,0,0
Robert Montgomery,3082581,ME,Male,5.58,64.34,80.62,Beginner,No,No,5,0
James Phillips,2981244,ECE,Male,6.77,82.47,88.53,Moderate,Yes,Yes,2,0
Daniel Petersen,7716262,CSDS,Male,9.97,98.06,80.8,Advanced,No,No,2,1
Kurt West,2745255,ME,Male,4.06,99.23,62.22,Moderate,No,Yes,2,0
Lisa Price,4928864,CSAIML,Female,8.91,79.86,62.14,Advanced,Yes,No,5,0
David Owens,2365375,ECE,Male,3.4,85.59,97.23,Moderate,No,Yes,2,0
Michelle Potter,5897524,CSAI,Female,7.33,55.36,86.82,Beginner,Yes,No,3,1
Jason Sandoval,8552299,IT,Male,3.79,73.43,72.81,Moderate,No,Yes,0,0
Anthony Branch,1893085,ECE,Male,5.11,79.97,76.22,Advanced,Yes,Yes,2,0
Katherine Moody,8789251,IT,Female,7.5,58.73,80.47,Advanced,No,Yes,4,1
Hannah Kennedy,7166120,IT,Female,8.62,74.29,64.3,Advanced,No,Yes,5,0
Jennifer Fisher,3931375,AIDS,Female,9.48,86.75,99.13,Beginner,Yes,Yes,5,0
Shane Anderson,7618170,EEE,Male,7.76,97.9,54.11,Beginner,No,Yes,0,1
Robert Jones,1902462,CSAI,Male,4.52,85.07,85.21,Beginner,No,No,4,0
Mrs. Jessica Williams DVM,3525893,ECE,Female,9.23,55.12,78.8,Advanced,Yes,No,3,1
Kenneth Thomas,7076939,CSE,Male,7.31,96.36,63.15,Beginner,Yes,No,3,1
Sabrina Stuart,1295707,CSAI,Female,6.36,97.1,69.33,Beginner,Yes,No,5,0
Ruben Wolfe,8371390,IT,Male,3.87,73.57,90.98,Advanced,Yes,No,2,0
Frank Dominguez,7636670,ECE,Male,9.35,97.17,97.6,Moderate,Yes,No,3,1
Jill Krause,5011424,CSAIML,Female,9.74,87.09,72.1,Moderate,Yes,No,1,1
Richard Matthews,3182508,AIDS,Male,8.53,52.22,52.48,Beginner,No,Yes,0,0
Justin Ball,5813284,AIDS,Male,9.56,96.85,55.55,Beginner,Yes,Yes,5,0
Jason Ellis,3116994,EEE,Male,8.46,64.09,51.44,Beginner,No,No,4,1
Tina Powell,8401760,CSAI,Female,4.03,54.11,65.15,Advanced,No,No,5,0
Christopher Wilson MD,7578797,CSE,Male,9.15,74.02,98.55,Beginner,Yes,Yes,2,1
Jessica Hanson,7645654,CSDS,Female,7.78,51.45,59.27,Beginner,Yes,No,0,1
Vanessa Jones,6957509,CSAIML,Female,4.64,85.92,65.94,Moderate,No,Yes,0,0
Melissa Bailey,7372239,EEE,Female,4.09,99.17,61.97,Beginner,No,Yes,4,0
Randall Nichols,8585017,CSAI,Male,5.82,67.79,92.63,Moderate,No,Yes,4,0
Lisa Knox,4469427,AIDS,Female,8.12,60.56,69.75,Advanced,No,No,3,1
Katrina Wallace,3703960,CSAI,Female,6.09,75.27,56.52,Moderate,Yes,No,1,0
Kristina Chavez,2199908,IT,Female,6.74,54.74,71.92,Moderate,No,Yes,2,0
Patrick Cooper,4384467,CSDS,Male,7.51,62.76,50.51,Advanced,No,Yes,0,0
Lindsay Molina,4232424,ECE,Female,5.05,94.61,92.6,Beginner,Yes,No,3,0
Carla Bernard,3629657,EEE,Female,9.58,69.58,52.56,Moderate,Yes,Yes,3,1
Amber Collins,2425117,CSE,Female,9.98,68.28,86.59,Moderate,Yes,Yes,5,0
Willie Gibbs,4974989,ME,Male,3.44,72.16,73.48,Advanced,No,No,5,0
John Prince,4281679,CSE,Male,4.47,51.42,67.46,Moderate,No,Yes,5,0
Hunter Phillips,4282827,ME,Male,7.06,75.71,89.74,Advanced,Yes,No,0,1
Steven Fernandez,4410884,IT,Male,7.12,53.81,71.27,Advanced,No,No,0,0
Felicia Richmond,9552159,ECE,Female,7.22,73.29,55.59,Beginner,No,No,1,0
Jonathan Flores,2524125,CSE,Male,4.56,69.3,54.03,Advanced,Yes,Yes,3,0
Kristina Johnson,6810582,CSAIML,Female,7.74,60.29,62.56,Beginner,Yes,No,0,1
Michael Morse,7101175,IT,Male,5.88,59.81,89.55,Beginner,No,No,5,0
Richard Hinton,6374098,IT,Male,5.12,77.03,86.27,Beginner,Yes,Yes,4,0
Brittany Miller,8290336,CSE,Female,6.98,80.22,76.93,Beginner,Yes,No,5,0
Francisco Pugh,1108813,ME,Male,6.89,95.93,72.22,Beginner,No,Yes,3,0
Travis Martinez,5650875,CSAIML,Male,3.34,51.32,97.53,Advanced,No,Yes,3,0
Victoria Bates,5926381,IT,Female,4.99,72.33,62.12,Advanced,Yes,No,5,0
Michael Hudson II,1470192,CSE,Male,7.25,54.89,52.83,Advanced,Yes,Yes,0,1
Brandon Ferguson,3906005,ME,Male,9.4,85.77,55.84,Advanced,No,No,4,1
Carolyn Gordon,8769572,ECE,Female,5.59,69.65,61.58,Advanced,Yes,No,0,0
Mark Marsh,5867192,IT,Male,7.09,75.12,66.32,Beginner,Yes,No,2,1
Tracy Randolph,8649725,CSE,Male,9.09,93.08,94.47,Beginner,No,No,0,1
Jennifer Green,6793698,ECE,Female,3.26,67.07,82.74,Moderate,Yes,No,0,0
Richard Moore,5350137,CSE,Male,7.3,98.49,91.59,Beginner,Yes,Yes,0,1
Christopher Williams,7693429,CSDS,Male,7.2,51.96,81.83,Beginner,Yes,Yes,2,1
Madeline Cruz,2592449,EEE,Female,6.79,97.23,63.94,Moderate,No,No,4,0
Dr. Sheri Mccarthy,1829561,EEE,Female,8.83,58.22,81.91,Beginner,No,No,5,0
Brittany Watts,4436252,ME,Female,5.95,70.66,74.44,Advanced,Yes,No,3,0
James Moreno,4470205,AIDS,Male,5.61,50.92,93.67,Moderate,No,No,0,0
Sierra Erickson,9409324,CSAIML,Female,4.52,64.85,65.52,Moderate,Yes,Yes,4,0
Jacqueline Peterson,3747036,ME,Female,9.59,60.62,80.42,Beginner,Yes,Yes,1,1
Anthony Olson,7191189,CSAIML,Male,4.85,55.87,57.12,Beginner,Yes,No,2,0
Jessica Zhang,2877424,AIDS,Female,5.17,90.48,60.49,Advanced,No,No,2,0
Paula Elliott,4360019,EEE,Female,4.82,79.0,70.08,Advanced,No,No,0,0
Morgan Schroeder,5421822,CSDS,Female,3.73,99.9,63.42,Advanced,No,Yes,0,0
Carrie Henry,4686691,CSAIML,Female,9.64,70.3,72.17,Advanced,Yes,Yes,3,1
Jessica Williams,9644355,CSE,Female,9.22,73.93,94.97,Beginner,No,No,1,1
Ann Miranda,1884283,EEE,Female,6.7,62.86,90.82,Beginner,Yes,No,5,0
Benjamin Smith,6745673,CSAI,Male,8.47,63.8,86.77,Advanced,Yes,No,3,1
Jennifer Allen,6905384,CSDS,Female,7.17,97.25,88.33,Beginner,No,Yes,5,0
Jessica Fowler,9961876,ME,Female,3.76,52.02,76.4,Beginner,No,No,5,0
Rebecca Smith,5563534,IT,Female,8.42,63.29,88.38,Moderate,No,Yes,3,1
Barbara Ramos,1131548,AIDS,Female,6.52,78.99,51.03,Moderate,Yes,No,0,0
Debbie Williams,9481538,CSAIML,Female,7.6,68.81,91.91,Advanced,No,No,3,1
Christopher Hines,8023927,IT,Male,9.91,75.67,91.44,Beginner,No,Yes,1,1
Sean Adams,7112064,CSDS,Male,9.43,67.29,99.89,Beginner,No,Yes,4,1
Douglas Ruiz,9276857,CSE,Male,8.75,53.5,74.02,Moderate,Yes,Yes,4,1
Sarah Perez,3690762,CSDS,Female,5.91,89.95,91.42,Beginner,No,No,1,0
Nicole Perez,7943422,CSE,Female,8.22,60.37,86.26,Advanced,No,Yes,1,1
Catherine Morris,9111556,CSDS,Female,6.2,53.8,56.63,Beginner,Yes,Yes,4,0
Pamela Martin,3154575,CSAIML,Female,7.99,96.94,81.46,Moderate,No,Yes,4,1
Eric Barron,7781587,CSE,Male,9.18,75.13,80.38,Moderate,No,No,0,1
Lisa Smith,4665396,CSDS,Female,3.14,91.02,95.92,Beginner,No,No,5,0
Kim Hill,3637776,ECE,Female,7.37,67.66,89.24,Moderate,Yes,No,2,1
Patrick Rivera,3726091,EEE,Male,4.33,72.22,69.87,Advanced,No,No,2,0
Todd Taylor,4021971,ME,Male,4.31,77.42,88.28,Advanced,Yes,Yes,2,0
Mark Torres,6407941,AIDS,Male,5.83,93.97,53.34,Moderate,Yes,No,2,0
Antonio Chavez,2873210,ME,Male,4.67,54.99,93.1,Beginner,No,No,2,0
Laura Larson,6161770,CSDS,Female,4.41,92.1,61.03,Advanced,No,Yes,1,0
Christian Wright,2199991,CSE,Male,9.21,61.69,67.47,Advanced,No,No,1,1
Isaiah Greene,4618590,ME,Male,5.16,52.8,92.2,Advanced,No,No,5,0
Tina Cunningham,2647935,CSAIML,Female,6.53,79.94,91.61,Moderate,No,Yes,1,0
Adam Weber,3447431,CSAIML,Male,8.85,59.14,56.72,Advanced,Yes,No,3,1
Gabriel Armstrong,4429625,CSAIML,Male,4.85,85.98,86.55,Advanced,Yes,Yes,3,0
Eileen Smith,3332416,AIDS,Female,9.61,55.73,71.15,Advanced,No,No,4,1
Michael White,1685331,CSAIML,Male,5.16,69.83,73.63,Advanced,No,Yes,5,0
Stanley Fitzgerald,7505405,CSE,Male,7.89,97.39,84.4,Beginner,Yes,Yes,0,1
Daniel Smith,8952266,ECE,Male,7.68,70.79,78.63,Advanced,Yes,Yes,5,0
Jennifer Ortiz,3223088,CSDS,Female,4.96,50.68,57.39,Beginner,No,No,4,0
Christopher Flores,5667527,CSAIML,Male,9.27,72.18,91.17,Moderate,No,Yes,2,1
Michael Armstrong,3117087,CSAIML,Male,4.05,96.51,71.56,Moderate,Yes,Yes,1,0
Ryan Little,6182363,ECE,Male,7.7,92.4,77.44,Moderate,No,No,2,0
Patrick Lee,1697270,CSAI,Male,9.04,55.4,99.5,Advanced,Yes,No,0,1
Victoria Jones,2286810,CSAIML,Female,7.67,72.62,54.21,Advanced,Yes,Yes,0,1
Miss Victoria Ramirez,8053057,EEE,Female,9.58,52.97,67.07,Moderate,Yes,No,4,1
Chad Lewis,1496369,CSE,Male,5.04,53.37,54.77,Advanced,Yes,No,0,0
Richard Barnes MD,3485388,CSDS,Male,7.5,70.26,92.77,Advanced,Yes,No,2,1
Melissa Hernandez,8881064,ECE,Female,4.87,69.63,85.45,Advanced,Yes,No,2,0
Amanda Green,2833502,EEE,Female,8.98,76.51,86.27,Beginner,No,Yes,4,1
Shannon Hernandez,7612477,CSAI,Female,5.48,81.11,94.36,Moderate,Yes,No,1,0
Austin Reed,1979765,ME,Male,9.55,87.78,92.88,Moderate,No,No,1,1
Joseph Kramer,6829736,EEE,Male,6.14,59.76,92.36,Advanced,No,Yes,3,0
Andrew Nguyen,8336905,CSE,Male,9.98,69.64,84.89,Beginner,No,Yes,3,1
Billy Rice,2324470,AIDS,Male,6.25,57.9,64.46,Advanced,Yes,No,1,0
Jose Taylor,3170848,ECE,Male,8.1,72.89,95.31,Advanced,No,Yes,3,1
Michael Reed,6649587,ME,Male,9.49,96.52,55.65,Advanced,No,Yes,2,1
Lori Flores,2033662,CSAIML,Female,3.37,69.14,91.73,Beginner,No,Yes,2,0
Michele Abbott,2156560,CSAIML,Female,8.45,74.77,94.78,Beginner,No,Yes,3,0
Norman Smith,1711866,AIDS,Male,7.0,64.27,97.8,Beginner,Yes,Yes,4,1
Jennifer Rhodes,8707717,AIDS,Female,6.18,58.21,64.94,Beginner,No,No,2,0
Deborah Lambert,3945182,CSE,Female,8.09,61.29,81.62,Advanced,Yes,No,1,1
Andrew Williams,6927988,CSAIML,Male,6.08,55.71,86.65,Moderate,No,No,1,0
Timothy Morton,5695121,CSDS,Male,7.85,63.2,77.37,Moderate,No,Yes,3,0
Gabriel Rice,3910616,AIDS,Male,9.97,97.06,97.65,Moderate,No,Yes,2,1
Edward Wolfe,8411538,CSAI,Male,9.18,74.96,56.6,Beginner,No,No,4,1
Brandi Flores,2794365,ECE,Female,8.89,96.72,78.08,Advanced,No,No,3,1
Joshua Wells,4910249,AIDS,Male,3.18,65.69,96.46,Moderate,No,No,1,0
Chad Stephens,5891269,CSAIML,Male,4.09,63.32,86.62,Advanced,Yes,Yes,1,0
Edward Brown,9029176,CSDS,Male,8.16,68.17,93.34,Advanced,Yes,No,5,0
Charlene Allison,1791473,ECE,Female,3.03,69.32,80.87,Advanced,No,Yes,2,0
Michael Brooks,6249997,IT,Male,5.89,65.83,92.55,Advanced,No,Yes,2,0
Karen Wilson,5749190,CSAI,Female,5.38,87.17,84.96,Advanced,No,Yes,2,0
James Griffin,6429994,CSDS,Male,6.13,68.84,53.77,Beginner,Yes,No,1,0
Andres Holland,1616850,CSAIML,Male,9.01,82.04,70.56,Advanced,Yes,No,3,1
Jessica Chambers,9659502,AIDS,Female,3.97,51.54,75.12,Beginner,Yes,No,2,0
Margaret Townsend,9735295,ECE,Female,8.52,97.75,52.18,Advanced,Yes,No,2,1
Justin Kramer,1461830,CSAIML,Male,8.25,88.32,72.42,Moderate,No,Yes,3,1
David Ingram,1633837,CSAIML,Male,6.89,83.01,62.19,Beginner,Yes,Yes,1,0
Laura Ramos,2690116,AIDS,Female,9.17,86.2,86.64,Moderate,Yes,No,0,1
Aaron Edwards,2679213,ME,Male,8.11,84.69,64.46,Beginner,Yes,No,5,0
Blake Tanner,8739808,AIDS,Male,6.64,81.24,94.8,Moderate,Yes,No,4,0
Elizabeth Cruz,6552833,ME,Female,4.39,59.65,55.71,Moderate,No,Yes,0,0
Cindy Martinez,9093306,ECE,Female,4.55,78.61,77.25,Beginner,No,Yes,1,0
Shelby Griffin,5988993,EEE,Female,5.4,92.06,71.7,Moderate,Yes,No,5,0
Shirley Mitchell,1597063,ME,Female,6.73,98.16,51.16,Advanced,Yes,Yes,5,0
Caitlin Hubbard,7908193,CSAIML,Female,7.19,58.23,93.45,Moderate,No,No,2,1
Kimberly Duncan,3865665,CSAIML,Female,8.98,68.32,73.31,Moderate,No,Yes,3,1
Jasmine Johnson,2579664,ME,Female,4.59,82.12,88.81,Advanced,Yes,No,2,0
Diane Davis,7101692,AIDS,Female,4.8,73.14,79.61,Advanced,Yes,No,0,0
Patrick Garcia,9355627,AIDS,Male,5.67,73.7,92.03,Advanced,Yes,Yes,0,0
Shirley Barnes,4830566,CSDS,Female,4.8,81.14,50.6,Beginner,No,No,0,0
Kerry Knight,4167629,ME,Male,5.9,80.81,60.03,Moderate,Yes,No,1,0
Jessica Morris,1330473,EEE,Female,5.5,89.0,54.34,Advanced,No,No,5,0
Jamie Arroyo,6781151,CSE,Female,5.32,88.94,71.78,Moderate,Yes,Yes,4,0
Susan Mason,3232550,CSE,Female,7.07,54.08,85.87,Moderate,No,Yes,1,1
Andrea Kramer,8575438,ECE,Female,6.01,62.18,66.02,Beginner,Yes,Yes,1,0
Debbie Hansen,7549712,CSAI,Female,8.06,55.88,95.84,Beginner,No,Yes,4,0
Toni Walker,7504683,CSDS,Female,8.88,90.78,86.41,Beginner,No,Yes,4,1
Justin Ray,7297485,CSE,Male,6.25,60.72,82.79,Beginner,No,Yes,3,0
Christopher Gonzalez,4513799,ECE,Male,3.14,60.72,58.04,Moderate,No,Yes,1,0
Deborah Quinn,1984042,IT,Female,7.1,55.55,89.5,Advanced,No,No,4,1
Melissa Mitchell,6680159,ME,Female,6.52,58.93,89.05,Beginner,No,Yes,2,0
Kaylee Garcia,8823498,IT,Female,8.25,69.63,55.95,Moderate,Yes,No,4,1
Michael Davis,1355657,CSE,Male,6.81,67.22,74.29,Moderate,No,Yes,4,0
Todd Vang,1776428,AIDS,Male,6.58,80.88,52.58,Moderate,Yes,No,2,0
Stephanie Lindsey,9383251,ME,Female,6.98,73.56,95.5,Beginner,Yes,No,1,0
Ryan West,6434556,CSDS,Male,8.44,75.2,90.26,Advanced,Yes,Yes,2,1
Roger Gonzalez,8798313,CSAI,Male,7.64,77.77,57.56,Beginner,Yes,Yes,2,1
Jennifer Martin,9658484,CSAIML,Female,5.83,58.97,59.38,Beginner,Yes,No,0,0
Justin Wilson,6977905,EEE,Male,8.95,77.35,50.71,Beginner,No,Yes,1,1
Raven Watson,1325814,EEE,Female,4.23,64.06,89.13,Moderate,Yes,No,4,0
Ashley Roberts,5083553,ME,Female,9.31,65.09,83.01,Advanced,Yes,No,4,1
Daniel Pearson,8006839,ME,Male,9.9,83.79,93.29,Advanced,Yes,No,5,0
Brittany Rivera,8477348,AIDS,Female,7.05,71.75,91.4,Beginner,Yes,Yes,1,1
Lisa Sanders,4503682,ECE,Female,6.92,72.39,96.81,Advanced,No,No,2,0
Megan Patel DDS,1829396,EEE,Female,4.77,68.32,79.52,Advanced,Yes,Yes,2,0
Richard Graham,3439520,CSAI,Male,8.17,86.73,91.67,Moderate,No,No,3,1
Susan Mccoy,7292859,EEE,Female,5.77,91.93,92.48,Beginner,Yes,No,1,0
Darren Bryant,4888532,AIDS,Male,6.83,69.84,57.77,Beginner,No,Yes,2,0
Chad Cooper,8227629,EEE,Male,4.24,86.55,88.23,Moderate,Yes,Yes,5,0
Alice White,1227066,CSAIML,Female,9.88,71.4,67.44,Advanced,No,Yes,2,1
Susan Ramirez,6700778,ECE,Female,5.84,83.57,80.09,Advanced,No,No,1,0
Kaitlin Leonard,2310596,ECE,Female,4.62,91.3,71.47,Beginner,No,Yes,3,0
Lindsay Carter,8936527,ECE,Female,8.4,66.38,54.38,Advanced,Yes,No,2,1
Robert Lowe,7673576,CSE,Male,6.7,77.86,78.88,Advanced,No,Yes,0,0
Jacqueline Martinez,9780070,CSE,Female,6.51,87.96,85.28,Advanced,Yes,No,1,0
Jeremy Miller PhD,5188795,IT,Male,4.56,91.03,58.86,Moderate,No,No,4,0
Sherry Farmer,4326147,ME,Female,9.16,72.48,99.05,Moderate,No,Yes,3,1
Carl Hawkins,3728403,CSDS,Male,4.38,76.9,78.37,Advanced,No,Yes,0,0
Timothy Patrick,6626482,CSAI,Male,8.44,71.59,55.21,Moderate,Yes,Yes,3,1
Jeremiah Taylor,8075900,CSDS,Male,9.39,54.87,57.21,Beginner,Yes,No,4,1
Mark Ruiz,3161659,AIDS,Male,4.34,57.07,67.2,Moderate,Yes,No,0,0
Yolanda Guerra,7160050,CSAIML,Female,9.35,88.03,58.28,Beginner,No,No,5,0
Stacey Campbell,6403640,ECE,Female,7.65,55.63,51.55,Beginner,No,Yes,1,0
Samantha Campbell,7587637,AIDS,Female,3.9,76.02,66.3,Advanced,Yes,No,4,0
John Mejia,4254246,ME,Male,7.23,85.21,59.34,Advanced,No,Yes,5,0
Sean Perry,6197549,CSE,Male,9.85,63.39,98.98,Advanced,Yes,Yes,0,1
Albert Lee,3218787,CSAIML,Male,4.57,53.86,98.69,Moderate,No,No,4,0
Angela Davidson,4529105,CSDS,Female,9.18,57.28,83.37,Advanced,Yes,No,3,1
Cynthia Schwartz,7682188,CSAI,Female,8.41,87.54,73.07,Moderate,Yes,Yes,4,1
Chris Gallegos,7525780,CSE,Male,9.59,62.12,85.09,Beginner,No,Yes,5,0
Mary Brown,5758065,CSAIML,Female,4.87,73.77,61.7,Moderate,No,Yes,2,0
Troy Smith,3983574,CSDS,Male,8.14,56.43,85.28,Beginner,No,Yes,0,0
Shannon Mills,5568427,AIDS,Female,3.68,60.88,68.2,Advanced,No,Yes,0,0
Debra Garcia,9835801,EEE,Female,5.72,85.65,86.35,Advanced,Yes,No,0,0
Mrs. Molly Morton,7737536,EEE,Female,9.27,86.01,63.94,Moderate,Yes,No,4,1
Theresa Williams,1429190,IT,Female,7.75,75.23,83.48,Advanced,Yes,No,3,1
Kim Keith,2667890,ECE,Female,9.22,55.18,50.84,Beginner,No,No,4,1
Rachel Wilkinson,9676805,AIDS,Female,7.42,96.02,91.49,Beginner,Yes,Yes,4,1
Lori Mathis,1024432,CSDS,Female,4.11,61.29,78.41,Advanced,Yes,No,0,0
Stephen Rhodes,8798355,CSAIML,Male,6.84,80.64,53.69,Moderate,Yes,Yes,4,0
Kyle Gardner,9498813,IT,Male,8.58,90.3,90.27,Moderate,Yes,No,0,1
Amanda Wilson,4520214,AIDS,Female,6.91,70.81,87.38,Beginner,Yes,No,0,0
Brett Thompson,6897744,CSDS,Male,7.3,56.68,61.1,Beginner,Yes,No,4,1
Bobby Terry,7706587,EEE,Male,9.36,66.98,85.07,Beginner,Yes,Yes,2,1
Jennifer Miller,3824936,CSDS,Female,6.32,51.27,60.85,Beginner,Yes,Yes,3,0
Amy Stephenson,7281045,IT,Female,7.37,72.95,89.66,Advanced,No,No,1,1
Jamie Martinez,6180240,CSAIML,Female,6.45,87.49,61.85,Advanced,Yes,Yes,3,0
Elizabeth Clark,1695849,EEE,Female,3.91,58.77,60.71,Advanced,No,No,2,0
Thomas Pruitt,7598525,CSAIML,Male,9.28,97.46,68.26,Advanced,Yes,No,0,1
Margaret Adams,6689073,AIDS,Female,5.03,64.79,51.96,Beginner,Yes,No,1,0
David Murphy,4602056,ME,Male,6.83,71.03,73.29,Advanced,Yes,No,2,0
Spencer Castaneda,5785373,CSDS,Male,6.49,89.81,55.69,Advanced,No,Yes,3,0
Patricia Cooper,2630479,CSE,Female,4.92,99.41,74.19,Beginner,Yes,No,0,0
Valerie Edwards,3986427,CSE,Female,6.22,80.81,91.21,Moderate,Yes,No,1,0
Joanna Perkins,4937556,CSDS,Female,4.28,97.29,85.36,Moderate,No,Yes,2,0
Victor Schmidt,6010137,ME,Male,6.3,56.7,81.69,Beginner,Yes,Yes,1,0
Nancy Phillips,7792816,CSE,Female,5.37,68.07,84.8,Beginner,No,No,5,0
Mary Petty,2006759,CSAI,Female,5.64,83.24,69.68,Beginner,Yes,Yes,3,0
Dennis Eaton,3230804,EEE,Male,9.76,70.05,63.81,Advanced,Yes,No,1,1
Patrick Vaughn,9611138,ME,Male,4.18,96.0,88.02,Advanced,Yes,Yes,2,0
Jack Allen,4767154,CSDS,Male,4.94,96.04,62.48,Advanced,No,No,5,0
Katherine Benitez,4737421,CSDS,Female,3.77,82.71,83.31,Moderate,Yes,Yes,5,0
Richard Moody,7507684,CSDS,Male,8.82,72.71,98.36,Advanced,No,No,5,0
Thomas Ibarra,3050070,ECE,Male,9.69,74.95,54.88,Advanced,No,Yes,1,1
Sean Wilson,7455265,CSE,Male,9.82,76.27,76.42,Advanced,Yes,No,0,1
Patricia Mathis,9034290,CSAIML,Female,3.97,54.92,64.12,Moderate,Yes,No,3,0
Angie Wilson,7388625,ECE,Female,4.57,94.87,57.78,Beginner,No,Yes,4,0
Emily Stevenson,7163794,AIDS,Female,3.73,77.34,87.95,Advanced,No,No,4,0
Chris Drake,7377180,ME,Male,5.26,55.89,69.33,Beginner,No,Yes,3,0
Allen Moore,2334108,ECE,Male,8.0,97.53,92.67,Beginner,No,No,5,0
Andre Lee,2119566,CSAIML,Male,7.24,87.63,72.3,Moderate,Yes,No,2,1
Timothy Clarke,2806101,CSAI,Male,9.37,57.46,60.23,Advanced,Yes,No,5,0
Vincent Oliver,9448111,CSE,Male,7.71,87.51,77.7,Advanced,Yes,Yes,3,1
Tracy Johnson,8612293,ECE,Male,6.5,87.79,54.45,Moderate,Yes,Yes,2,0
Timothy Buckley,7870977,EEE,Male,8.48,52.17,92.94,Advanced,Yes,No,5,0
Amanda Pruitt,7573438,ECE,Female,5.76,71.79,66.42,Beginner,No,Yes,1,0
Matthew Kaiser,4154207,AIDS,Male,3.93,90.36,74.65,Advanced,Yes,Yes,1,0
Melissa Chambers,5180485,CSDS,Female,9.4,85.1,86.89,Beginner,No,No,2,1
Christopher Nielsen,3416671,CSAIML,Male,6.61,83.55,77.14,Beginner,No,Yes,1,0
Zachary Johnson,7165464,CSDS,Male,6.18,93.41,86.79,Beginner,No,Yes,0,0
Charles Sweeney,5423426,CSE,Male,4.17,76.06,58.34,Advanced,Yes,No,0,0
Anthony Sanford,4412711,IT,Male,4.93,66.83,74.55,Moderate,Yes,Yes,5,0
Kimberly Velez,1421442,CSAIML,Female,4.97,59.5,66.54,Advanced,No,Yes,1,0
Karla Sparks,8623402,EEE,Female,3.41,94.04,89.97,Moderate,No,Yes,2,0
Jose Williamson,6865067,IT,Male,9.55,97.26,85.32,Beginner,Yes,No,3,1
Chad Thompson,7851175,ECE,Male,4.55,62.14,80.06,Advanced,No,No,0,0
Carla Combs,6169927,IT,Female,6.21,97.22,65.52,Beginner,No,Yes,0,0
Sarah Carr,4029081,CSAI,Female,9.89,93.09,84.22,Beginner,No,Yes,0,1
Gregory Singh,5080893,CSDS,Male,5.28,69.78,63.61,Advanced,Yes,No,4,0
Cynthia Gardner,7686234,ECE,Female,5.98,86.85,98.16,Beginner,Yes,No,2,0
Matthew Davenport,8461468,ECE,Male,3.71,55.46,75.41,Beginner,Yes,Yes,1,0
Craig Summers,4286416,CSAI,Male,6.53,83.34,84.09,Beginner,Yes,Yes,0,0
April Cobb,9170336,CSAIML,Female,8.81,82.25,54.3,Moderate,Yes,No,5,0
Rick Moore,6206414,CSDS,Male,4.78,89.26,77.88,Beginner,No,No,4,0
Lydia Bailey,9162442,IT,Female,4.09,71.93,86.57,Moderate,No,No,4,0
Keith Marquez,3029657,EEE,Male,8.83,83.99,67.86,Advanced,Yes,No,4,1
Peter Graham,8628437,AIDS,Male,4.48,55.49,58.4,Moderate,No,No,5,0
Albert Dunn,3138730,CSAI,Male,3.74,77.88,75.92,Advanced,No,Yes,5,0
Douglas Marshall,5024325,CSE,Male,9.56,50.03,92.22,Advanced,Yes,No,0,1
Jon Dunn,2922603,ECE,Male,7.74,81.53,82.46,Beginner,No,No,2,0
Samuel Weber,1510402,CSDS,Male,6.26,55.72,72.63,Advanced,Yes,Yes,5,0
Tyler Adams,5097133,CSAIML,Male,6.42,53.74,52.65,Beginner,No,No,1,0
Harold Crawford,4953033,CSDS,Male,9.49,70.12,65.61,Beginner,No,Yes,2,1
Shannon Robinson,4102818,EEE,Female,7.98,84.17,73.0,Moderate,Yes,No,3,1
Amy Gomez,7464987,AIDS,Female,8.19,95.42,83.46,Moderate,No,No,5,0
James Warren,9048086,CSE,Male,4.9,65.78,55.81,Moderate,No,Yes,2,0
Samantha Green,7071431,CSAI,Female,9.61,89.65,75.88,Beginner,Yes,Yes,2,1
Susan Turner,2004548,EEE,Female,4.79,79.72,92.38,Advanced,Yes,No,3,0
James Scott,1617695,ECE,Male,4.16,61.24,76.78,Beginner,No,No,0,0
Lisa Page,6421634,CSAIML,Female,4.78,84.78,82.41,Beginner,Yes,Yes,1,0
Thomas Rojas,3185163,CSAI,Male,3.42,87.29,56.95,Advanced,Yes,Yes,2,0
Alicia Lawrence,4428987,ECE,Female,5.4,80.84,67.27,Advanced,Yes,No,4,0
Shawn Gay,3402274,ME,Male,3.44,97.49,56.08,Beginner,Yes,No,5,0
Marcus Mcclain,9930822,CSAI,Male,5.38,89.37,71.89,Moderate,No,Yes,2,0
Jeffrey Moore,6333451,CSAIML,Male,7.09,85.48,73.82,Beginner,Yes,No,1,1
Ashley Cherry,5056467,EEE,Female,4.78,57.95,90.76,Advanced,Yes,No,2,0
Linda Gray,1089281,CSDS,Female,3.81,65.22,96.5,Beginner,No,No,4,0
Jillian Perez,5194642,AIDS,Female,3.57,76.29,66.38,Advanced,No,Yes,3,0
Sharon Elliott,7873484,CSE,Female,8.25,67.53,54.59,Advanced,No,Yes,2,1
Craig Stephens,5154046,EEE,Male,9.51,52.29,91.12,Beginner,Yes,No,1,1
Jason Stewart,9564586,IT,Male,5.44,80.85,73.76,Beginner,No,Yes,1,0
Cathy Hays,5853137,AIDS,Female,3.99,67.24,95.52,Moderate,No,Yes,4,0
Kimberly Douglas,9143239,CSAIML,Female,7.32,50.91,93.53,Beginner,Yes,No,1,1
Jessica Anderson,4186192,CSE,Female,7.24,74.73,79.13,Moderate,Yes,No,2,1
Jessica Smith,6608960,AIDS,Female,6.14,82.38,68.68,Beginner,Yes,No,2,0
Maurice Carroll,1275770,CSAIML,Male,6.38,50.59,71.67,Beginner,Yes,No,3,0
Rebecca Levy,6056122,CSE,Female,4.34,90.04,91.68,Moderate,No,No,1,0
Katrina Ramos,9211204,EEE,Female,8.47,67.45,99.52,Advanced,No,Yes,3,1
Kathryn Baker,4081423,CSAIML,Female,9.04,59.14,60.62,Advanced,No,No,0,1
Sierra Rodriguez,2659787,CSAI,Female,3.32,77.35,86.26,Advanced,No,Yes,4,0
Sabrina Lopez,1987080,ME,Female,7.71,60.95,95.58,Advanced,No,No,0,1
Brett Gutierrez,6109079,CSAIML,Male,4.38,69.74,63.05,Moderate,Yes,Yes,2,0
Robin Dalton,2850415,CSE,Female,9.77,74.74,81.68,Moderate,Yes,No,4,1
Janet Galloway MD,6224297,CSDS,Female,3.05,92.2,68.41,Advanced,No,No,2,0
Lisa Jones,8776223,CSDS,Female,6.42,51.74,84.7,Beginner,No,Yes,0,0
Daniel Davies,7175193,IT,Male,9.26,86.56,84.73,Moderate,Yes,Yes,2,1
Brandi Graves,3954165,ME,Female,7.14,89.09,90.41,Moderate,Yes,Yes,3,1
Maria Haynes,5499379,EEE,Female,6.38,78.62,66.94,Moderate,No,No,2,0
Samuel Callahan,7750289,EEE,Male,3.13,92.78,53.74,Advanced,Yes,No,3,0
Dr. Elizabeth Walker,5082179,IT,Female,3.72,74.98,91.32,Moderate,No,Yes,0,0
Emily Schwartz,6515921,CSAI,Female,5.56,79.2,96.17,Moderate,Yes,No,5,0
Samantha Green,6630819,CSDS,Female,8.62,77.84,82.97,Beginner,No,Yes,5,0
Michael Torres,7734526,AIDS,Male,4.21,53.98,91.34,Advanced,Yes,Yes,3,0
Jason Phillips,9443358,EEE,Male,5.06,85.25,92.86,Moderate,No,No,4,0
William Griffin,2228828,CSAI,Male,5.53,81.51,53.4,Advanced,No,No,0,0
